00087a6bd4dc_06.jpg,3
00087a6bd4dc_07.jpg,3
00087a6bd4dc_08.jpg,3
00087a6bd4dc_10.jpg,5
00087a6bd4dc_11.jpg,5
00087a6bd4dc_14.jpg,7
00087a6bd4dc_15.jpg,7
00087a6bd4dc_16.jpg,7
02159e548029_05.jpg,3
02159e548029_07.jpg,3
02159e548029_13.jpg,7
02159e548029_14.jpg,7
02159e548029_16.jpg,7
03a857ce842d_04.jpg,1
03a857ce842d_07.jpg,3
03a857ce842d_11.jpg,5
03a857ce842d_12.jpg,5
03a857ce842d_16.jpg,7
0495dcf27283_05.jpg,3
0495dcf27283_06.jpg,3
04bd942b463b_01.jpg,1
04bd942b463b_11.jpg,5
04bd942b463b_12.jpg,5
0789bed99cb8_03.jpg,1
0789bed99cb8_04.jpg,1
0789bed99cb8_05.jpg,3
0789bed99cb8_10.jpg,5
0789bed99cb8_13.jpg,7
0789bed99cb8_14.jpg,7
0789bed99cb8_15.jpg,7
0795e132d090_01.jpg,1
0795e132d090_05.jpg,3
0795e132d090_08.jpg,3
0795e132d090_10.jpg,5
08a646be6b30_03.jpg,1
08a646be6b30_05.jpg,3
08a646be6b30_07.jpg,3
0cdf5b5d0ce1_01.jpg,1
0cdf5b5d0ce1_04.jpg,1
0cdf5b5d0ce1_05.jpg,3
0cdf5b5d0ce1_07.jpg,3
0cdf5b5d0ce1_10.jpg,5
0cdf5b5d0ce1_15.jpg,7
0cdf5b5d0ce1_16.jpg,7
0ce66b539f52_01.jpg,1
0ce66b539f52_02.jpg,1
0ce66b539f52_06.jpg,3
0ce66b539f52_07.jpg,3
0ce66b539f52_08.jpg,3
0ce66b539f52_09.jpg,5
0ce66b539f52_11.jpg,5
0ce66b539f52_12.jpg,5
0ce66b539f52_13.jpg,7
0ce66b539f52_14.jpg,7
0ce66b539f52_15.jpg,7
0d1a9caf4350_05.jpg,3
0d1a9caf4350_08.jpg,3
0d1a9caf4350_09.jpg,5
0d1a9caf4350_14.jpg,7
0d1a9caf4350_15.jpg,7
0d3adbbc9a8b_10.jpg,5
0d3adbbc9a8b_11.jpg,5
0d3adbbc9a8b_12.jpg,5
0d3adbbc9a8b_13.jpg,7
0d3adbbc9a8b_15.jpg,7
0d53224da2b7_05.jpg,3
0d53224da2b7_07.jpg,3
0d53224da2b7_09.jpg,5
0d53224da2b7_11.jpg,5
0d53224da2b7_13.jpg,7
0d53224da2b7_14.jpg,7
0d53224da2b7_15.jpg,7
0de66245f268_04.jpg,1
0de66245f268_07.jpg,3
0de66245f268_13.jpg,7
0ed6904e1004_02.jpg,1
0ed6904e1004_08.jpg,3
0ed6904e1004_11.jpg,5
0ed6904e1004_12.jpg,5
0ed6904e1004_14.jpg,7
0ee135a3cccc_12.jpg,5
0ee135a3cccc_13.jpg,7
0ee135a3cccc_14.jpg,7
0eeaf1ff136d_09.jpg,5
0eeaf1ff136d_13.jpg,7
0eeaf1ff136d_15.jpg,7
0eeaf1ff136d_16.jpg,7
11acc40dc0ea_02.jpg,1
11acc40dc0ea_04.jpg,1
11acc40dc0ea_05.jpg,3
11acc40dc0ea_11.jpg,5
11acc40dc0ea_12.jpg,5
11acc40dc0ea_14.jpg,7
11f3dc041cfb_01.jpg,1
11f3dc041cfb_04.jpg,1
11f3dc041cfb_06.jpg,3
11f3dc041cfb_10.jpg,5
11fcda0a9e1c_01.jpg,1
11fcda0a9e1c_02.jpg,1
11fcda0a9e1c_03.jpg,1
11fcda0a9e1c_05.jpg,3
11fcda0a9e1c_07.jpg,3
11fcda0a9e1c_10.jpg,5
11fcda0a9e1c_11.jpg,5
11fcda0a9e1c_14.jpg,7
11fcda0a9e1c_16.jpg,7
120c1dc7b116_01.jpg,1
120c1dc7b116_04.jpg,1
120c1dc7b116_05.jpg,3
120c1dc7b116_10.jpg,5
120c1dc7b116_11.jpg,5
120c1dc7b116_12.jpg,5
1258cf954183_01.jpg,1
1258cf954183_03.jpg,1
1258cf954183_07.jpg,3
1258cf954183_09.jpg,5
1258cf954183_12.jpg,5
1258cf954183_13.jpg,7
1258cf954183_15.jpg,7
125cadcb9feb_04.jpg,1
125cadcb9feb_11.jpg,5
125cadcb9feb_12.jpg,5
125cadcb9feb_15.jpg,7
1390696b70b6_02.jpg,1
1390696b70b6_03.jpg,1
1390696b70b6_07.jpg,3
1390696b70b6_08.jpg,3
1390696b70b6_09.jpg,5
1390696b70b6_10.jpg,5
1390696b70b6_15.jpg,7
1390696b70b6_16.jpg,7
13cad6eeabe8_03.jpg,1
13cad6eeabe8_04.jpg,1
13cad6eeabe8_06.jpg,3
13cad6eeabe8_13.jpg,7
13cad6eeabe8_14.jpg,7
13cad6eeabe8_15.jpg,7
13cad6eeabe8_16.jpg,7
151c7f2d4183_08.jpg,3
151c7f2d4183_09.jpg,5
151c7f2d4183_10.jpg,5
151c7f2d4183_12.jpg,5
151c7f2d4183_13.jpg,7
151c7f2d4183_15.jpg,7
151c7f2d4183_16.jpg,7
154ee2b6d27a_04.jpg,1
154ee2b6d27a_09.jpg,5
154ee2b6d27a_11.jpg,5
154ee2b6d27a_13.jpg,7
154ee2b6d27a_15.jpg,7
154ee2b6d27a_16.jpg,7
169f5f6d8c9d_05.jpg,3
169f5f6d8c9d_06.jpg,3
169f5f6d8c9d_08.jpg,3
169f5f6d8c9d_12.jpg,5
169f5f6d8c9d_14.jpg,7
169f5f6d8c9d_15.jpg,7
16f0ec26d608_01.jpg,1
16f0ec26d608_02.jpg,1
16f0ec26d608_03.jpg,1
16f0ec26d608_07.jpg,3
16f0ec26d608_10.jpg,5
16f0ec26d608_11.jpg,5
16f0ec26d608_16.jpg,7
189a2a32a615_01.jpg,1
189a2a32a615_08.jpg,3
189a2a32a615_09.jpg,5
189a2a32a615_10.jpg,5
189a2a32a615_12.jpg,5
189a2a32a615_13.jpg,7
189a2a32a615_14.jpg,7
1952e5f91de0_02.jpg,1
1952e5f91de0_05.jpg,3
1952e5f91de0_09.jpg,5
1952e5f91de0_10.jpg,5
1a17a1bd648b_01.jpg,1
1a17a1bd648b_02.jpg,1
1a17a1bd648b_13.jpg,7
1a17a1bd648b_16.jpg,7
1aba91a601c6_01.jpg,1
1aba91a601c6_02.jpg,1
1aba91a601c6_05.jpg,3
1aba91a601c6_06.jpg,3
1aba91a601c6_08.jpg,3
1aba91a601c6_10.jpg,5
1aba91a601c6_11.jpg,5
1aba91a601c6_14.jpg,7
1aba91a601c6_16.jpg,7
1adaeb44f109_04.jpg,1
1adaeb44f109_05.jpg,3
1adaeb44f109_09.jpg,5
1adaeb44f109_13.jpg,7
1adaeb44f109_15.jpg,7
1ae8a68a40e4_01.jpg,1
1ae8a68a40e4_03.jpg,1
1ae8a68a40e4_10.jpg,5
1ae8a68a40e4_15.jpg,7
1b25ea8ba94d_01.jpg,1
1b25ea8ba94d_05.jpg,3
1b25ea8ba94d_06.jpg,3
1b25ea8ba94d_09.jpg,5
1b25ea8ba94d_10.jpg,5
1b25ea8ba94d_11.jpg,5
1b25ea8ba94d_12.jpg,5
1b25ea8ba94d_13.jpg,7
1b25ea8ba94d_14.jpg,7
1b25ea8ba94d_16.jpg,7
1ba84b81628e_02.jpg,1
1ba84b81628e_05.jpg,3
1ba84b81628e_06.jpg,3
1ba84b81628e_08.jpg,3
1ba84b81628e_13.jpg,7
1ba84b81628e_14.jpg,7
1ba84b81628e_16.jpg,7
1c5748340af8_01.jpg,1
1c5748340af8_04.jpg,1
1c5748340af8_05.jpg,3
1c5748340af8_06.jpg,3
1c5748340af8_11.jpg,5
1c5748340af8_14.jpg,7
1e6f48393e17_01.jpg,1
1e6f48393e17_10.jpg,5
1e6f48393e17_12.jpg,5
1e89e1af42e7_01.jpg,1
1e89e1af42e7_05.jpg,3
1e89e1af42e7_06.jpg,3
1e89e1af42e7_08.jpg,3
1e89e1af42e7_09.jpg,5
1e89e1af42e7_10.jpg,5
1e89e1af42e7_11.jpg,5
1e89e1af42e7_13.jpg,7
1e89e1af42e7_16.jpg,7
21a7e6726ee3_03.jpg,1
21a7e6726ee3_04.jpg,1
21a7e6726ee3_05.jpg,3
21a7e6726ee3_09.jpg,5
21a7e6726ee3_12.jpg,5
21a7e6726ee3_16.jpg,7
2267f4aa0d2c_01.jpg,1
2267f4aa0d2c_06.jpg,3
2267f4aa0d2c_07.jpg,3
2267f4aa0d2c_08.jpg,3
2267f4aa0d2c_12.jpg,5
2267f4aa0d2c_15.jpg,7
2267f4aa0d2c_16.jpg,7
2335eef27de6_04.jpg,1
2335eef27de6_05.jpg,3
2335eef27de6_07.jpg,3
2335eef27de6_12.jpg,5
2335eef27de6_13.jpg,7
23c088f6ec27_01.jpg,1
23c088f6ec27_02.jpg,1
23c088f6ec27_04.jpg,1
23c088f6ec27_08.jpg,3
23c088f6ec27_12.jpg,5
245f9c9eab8a_06.jpg,3
245f9c9eab8a_09.jpg,5
245f9c9eab8a_10.jpg,5
245f9c9eab8a_11.jpg,5
26ccab021981_01.jpg,1
26ccab021981_03.jpg,1
26ccab021981_04.jpg,1
26ccab021981_05.jpg,3
26ccab021981_07.jpg,3
26ccab021981_08.jpg,3
26ccab021981_10.jpg,5
26ccab021981_11.jpg,5
28109f18d9d4_01.jpg,1
28109f18d9d4_02.jpg,1
28109f18d9d4_05.jpg,3
28109f18d9d4_07.jpg,3
28109f18d9d4_10.jpg,5
28109f18d9d4_13.jpg,7
28109f18d9d4_15.jpg,7
28d7fb5ba432_01.jpg,1
28d7fb5ba432_03.jpg,1
28d7fb5ba432_11.jpg,5
28d9a149cb02_03.jpg,1
28d9a149cb02_06.jpg,3
28d9a149cb02_11.jpg,5
28d9a149cb02_16.jpg,7
292f59c6a347_02.jpg,1
292f59c6a347_08.jpg,3
292f59c6a347_11.jpg,5
292f59c6a347_12.jpg,5
292f59c6a347_13.jpg,7
292f59c6a347_15.jpg,7
292f59c6a347_16.jpg,7
293a0fa72e5b_03.jpg,1
293a0fa72e5b_06.jpg,3
293a0fa72e5b_07.jpg,3
293a0fa72e5b_09.jpg,5
293a0fa72e5b_12.jpg,5
293a0fa72e5b_13.jpg,7
293a0fa72e5b_16.jpg,7
2990f858e939_03.jpg,1
2990f858e939_04.jpg,1
2990f858e939_05.jpg,3
2990f858e939_06.jpg,3
2990f858e939_07.jpg,3
2990f858e939_15.jpg,7
2a4a8964ebf3_01.jpg,1
2a4a8964ebf3_02.jpg,1
2a4a8964ebf3_03.jpg,1
2a4a8964ebf3_04.jpg,1
2a4a8964ebf3_05.jpg,3
2a4a8964ebf3_10.jpg,5
2a4a8964ebf3_12.jpg,5
2a4a8964ebf3_13.jpg,7
2a4a8964ebf3_15.jpg,7
2a4a8964ebf3_16.jpg,7
2af7c265531e_11.jpg,5
2af7c265531e_12.jpg,5
2af7c265531e_14.jpg,7
2af7c265531e_15.jpg,7
2c57132da7a0_01.jpg,1
2c57132da7a0_02.jpg,1
2c57132da7a0_03.jpg,1
2c57132da7a0_12.jpg,5
2c57132da7a0_14.jpg,7
2cb06c1f5bb1_01.jpg,1
2cb06c1f5bb1_04.jpg,1
2cb06c1f5bb1_09.jpg,5
2cb06c1f5bb1_11.jpg,5
2cb06c1f5bb1_14.jpg,7
2cb06c1f5bb1_15.jpg,7
2cb06c1f5bb1_16.jpg,7
2cb91c2543fa_06.jpg,3
2cb91c2543fa_09.jpg,5
2cb91c2543fa_10.jpg,5
2cb91c2543fa_11.jpg,5
2ea62c1beee7_04.jpg,1
2ea62c1beee7_08.jpg,3
2ea62c1beee7_13.jpg,7
2f39abb12388_01.jpg,1
2f39abb12388_02.jpg,1
2f39abb12388_04.jpg,1
2f39abb12388_05.jpg,3
2f39abb12388_09.jpg,5
2f39abb12388_11.jpg,5
2faf504842df_01.jpg,1
2faf504842df_03.jpg,1
2faf504842df_08.jpg,3
2faf504842df_09.jpg,5
2faf504842df_15.jpg,7
304437bad7ff_01.jpg,1
304437bad7ff_05.jpg,3
304437bad7ff_06.jpg,3
304437bad7ff_07.jpg,3
304437bad7ff_12.jpg,5
304437bad7ff_14.jpg,7
3071362591f7_01.jpg,1
3071362591f7_06.jpg,3
3071362591f7_08.jpg,3
3071362591f7_10.jpg,5
3071362591f7_14.jpg,7
31186febd775_01.jpg,1
31186febd775_04.jpg,1
31186febd775_05.jpg,3
31186febd775_11.jpg,5
31186febd775_16.jpg,7
316bbfd3d93d_02.jpg,1
316bbfd3d93d_04.jpg,1
316bbfd3d93d_07.jpg,3
316bbfd3d93d_08.jpg,3
316bbfd3d93d_14.jpg,7
316bbfd3d93d_15.jpg,7
316bbfd3d93d_16.jpg,7
32edfb7723ff_02.jpg,1
32edfb7723ff_03.jpg,1
32edfb7723ff_05.jpg,3
32edfb7723ff_09.jpg,5
32edfb7723ff_13.jpg,7
32edfb7723ff_16.jpg,7
32ff007d9505_03.jpg,1
32ff007d9505_04.jpg,1
32ff007d9505_05.jpg,3
32ff007d9505_07.jpg,3
32ff007d9505_08.jpg,3
32ff007d9505_10.jpg,5
32ff007d9505_11.jpg,5
32ff007d9505_16.jpg,7
33a310ea7462_07.jpg,3
33a310ea7462_09.jpg,5
33a310ea7462_15.jpg,7
344ece157efc_02.jpg,1
344ece157efc_03.jpg,1
344ece157efc_06.jpg,3
344ece157efc_07.jpg,3
344ece157efc_10.jpg,5
344ece157efc_13.jpg,7
344ece157efc_14.jpg,7
34b0c08544a5_01.jpg,1
34b0c08544a5_04.jpg,1
34b0c08544a5_11.jpg,5
34b0c08544a5_12.jpg,5
34b0c08544a5_15.jpg,7
34defeec3ce6_01.jpg,1
34defeec3ce6_02.jpg,1
34defeec3ce6_09.jpg,5
34defeec3ce6_14.jpg,7
34defeec3ce6_15.jpg,7
34defeec3ce6_16.jpg,7
351c583eabd6_03.jpg,1
351c583eabd6_05.jpg,3
351c583eabd6_07.jpg,3
351c583eabd6_08.jpg,3
351c583eabd6_09.jpg,5
351c583eabd6_11.jpg,5
351c583eabd6_14.jpg,7
351c583eabd6_15.jpg,7
3627b6f4c16d_02.jpg,1
3627b6f4c16d_14.jpg,7
3627b6f4c16d_15.jpg,7
364923a5002f_03.jpg,1
364923a5002f_08.jpg,3
364923a5002f_10.jpg,5
364923a5002f_11.jpg,5
364923a5002f_16.jpg,7
364fd5fd7569_06.jpg,3
364fd5fd7569_12.jpg,5
364fd5fd7569_14.jpg,7
36a3f7f77e85_03.jpg,1
36a3f7f77e85_10.jpg,5
36a3f7f77e85_13.jpg,7
36a3f7f77e85_15.jpg,7
371f057d1242_03.jpg,1
371f057d1242_08.jpg,3
371f057d1242_09.jpg,5
371f057d1242_12.jpg,5
371f057d1242_14.jpg,7
371f057d1242_16.jpg,7
3789e15178c7_01.jpg,1
3789e15178c7_02.jpg,1
3789e15178c7_03.jpg,1
3789e15178c7_04.jpg,1
3789e15178c7_05.jpg,3
3789e15178c7_06.jpg,3
3789e15178c7_07.jpg,3
3789e15178c7_10.jpg,5
3789e15178c7_11.jpg,5
3789e15178c7_14.jpg,7
3789e15178c7_15.jpg,7
3810c5e1cdeb_01.jpg,1
3810c5e1cdeb_06.jpg,3
3810c5e1cdeb_07.jpg,3
3810c5e1cdeb_13.jpg,7
3810c5e1cdeb_14.jpg,7
3810c5e1cdeb_15.jpg,7
3810c5e1cdeb_16.jpg,7
3a7a8f03e713_04.jpg,1
3a7a8f03e713_06.jpg,3
3a7a8f03e713_07.jpg,3
3a7a8f03e713_08.jpg,3
3a7a8f03e713_09.jpg,5
3a7a8f03e713_11.jpg,5
3a7a8f03e713_13.jpg,7
3a7a8f03e713_16.jpg,7
3afec4b5ac07_01.jpg,1
3afec4b5ac07_02.jpg,1
3afec4b5ac07_04.jpg,1
3afec4b5ac07_06.jpg,3
3afec4b5ac07_08.jpg,3
3afec4b5ac07_09.jpg,5
3afec4b5ac07_11.jpg,5
3afec4b5ac07_13.jpg,7
3afec4b5ac07_16.jpg,7
3b45f83ba3fa_02.jpg,1
3b45f83ba3fa_03.jpg,1
3b45f83ba3fa_07.jpg,3
3b45f83ba3fa_15.jpg,7
3b45f83ba3fa_16.jpg,7
3bca821c8c41_03.jpg,1
3bca821c8c41_04.jpg,1
3bca821c8c41_05.jpg,3
3bca821c8c41_07.jpg,3
3bca821c8c41_08.jpg,3
3bca821c8c41_10.jpg,5
3c16409ab9db_03.jpg,1
3c16409ab9db_06.jpg,3
3c16409ab9db_09.jpg,5
3c16409ab9db_12.jpg,5
3c54e71fd2c9_01.jpg,1
3c54e71fd2c9_03.jpg,1
3c54e71fd2c9_07.jpg,3
3c54e71fd2c9_09.jpg,5
3c54e71fd2c9_11.jpg,5
3c54e71fd2c9_12.jpg,5
3c54e71fd2c9_15.jpg,7
3c6acfceb552_02.jpg,1
3c6acfceb552_03.jpg,1
3c6acfceb552_06.jpg,3
3c6acfceb552_08.jpg,3
3c6acfceb552_10.jpg,5
3c6acfceb552_14.jpg,7
3cb21125f126_01.jpg,1
3cb21125f126_04.jpg,1
3cb21125f126_07.jpg,3
3cb21125f126_11.jpg,5
3cb21125f126_15.jpg,7
3d7a1030deeb_03.jpg,1
3d7a1030deeb_05.jpg,3
3d7a1030deeb_12.jpg,5
3d7a1030deeb_13.jpg,7
3d7a1030deeb_16.jpg,7
3f202616a2b9_02.jpg,1
3f202616a2b9_04.jpg,1
3f202616a2b9_08.jpg,3
3f202616a2b9_09.jpg,5
3f202616a2b9_10.jpg,5
3f202616a2b9_11.jpg,5
3f202616a2b9_15.jpg,7
3f202616a2b9_16.jpg,7
3f3e362dea23_03.jpg,1
3f3e362dea23_05.jpg,3
3f3e362dea23_08.jpg,3
3f3e362dea23_15.jpg,7
3f8d611822bc_05.jpg,3
3f8d611822bc_09.jpg,5
3f8d611822bc_11.jpg,5
3f8d611822bc_12.jpg,5
3f8d611822bc_14.jpg,7
3f8d611822bc_15.jpg,7
40851e617b93_05.jpg,3
40851e617b93_06.jpg,3
40851e617b93_08.jpg,3
40851e617b93_10.jpg,5
419687d50dcd_01.jpg,1
419687d50dcd_02.jpg,1
419687d50dcd_06.jpg,3
419687d50dcd_08.jpg,3
419687d50dcd_13.jpg,7
419687d50dcd_15.jpg,7
42415ff65013_02.jpg,1
42415ff65013_05.jpg,3
42415ff65013_07.jpg,3
42415ff65013_10.jpg,5
42415ff65013_13.jpg,7
424658d9f222_04.jpg,1
424658d9f222_05.jpg,3
424658d9f222_06.jpg,3
424658d9f222_09.jpg,5
424658d9f222_10.jpg,5
424658d9f222_12.jpg,5
424658d9f222_14.jpg,7
424658d9f222_16.jpg,7
42a3297ccd4b_03.jpg,1
42b3feca1993_03.jpg,1
42b3feca1993_09.jpg,5
42b3feca1993_13.jpg,7
42d81612e2ce_02.jpg,1
42d81612e2ce_03.jpg,1
42d81612e2ce_07.jpg,3
42d81612e2ce_08.jpg,3
430f0cb5666c_01.jpg,1
430f0cb5666c_11.jpg,5
430f0cb5666c_12.jpg,5
430f0cb5666c_16.jpg,7
47ea8f25c948_04.jpg,1
47ea8f25c948_06.jpg,3
47ea8f25c948_09.jpg,5
47ea8f25c948_14.jpg,7
47ea8f25c948_16.jpg,7
4856fcb85be0_01.jpg,1
4856fcb85be0_04.jpg,1
4856fcb85be0_05.jpg,3
4856fcb85be0_06.jpg,3
4856fcb85be0_07.jpg,3
4856fcb85be0_08.jpg,3
4856fcb85be0_11.jpg,5
4856fcb85be0_12.jpg,5
4856fcb85be0_14.jpg,7
4856fcb85be0_15.jpg,7
48b3f0c936b5_06.jpg,3
48b3f0c936b5_10.jpg,5
48b3f0c936b5_16.jpg,7
4a4364d7fc6d_04.jpg,1
4a4364d7fc6d_05.jpg,3
4a4364d7fc6d_09.jpg,5
4a4364d7fc6d_12.jpg,5
4a4364d7fc6d_16.jpg,7
4b74275babf7_02.jpg,1
4b74275babf7_06.jpg,3
4b74275babf7_07.jpg,3
4b74275babf7_11.jpg,5
4b74275babf7_13.jpg,7
4b74275babf7_14.jpg,7
4b74275babf7_16.jpg,7
4baf50a3d8c2_05.jpg,3
4baf50a3d8c2_07.jpg,3
4baf50a3d8c2_12.jpg,5
4baf50a3d8c2_13.jpg,7
4baf50a3d8c2_15.jpg,7
4baf50a3d8c2_16.jpg,7
4bea0766c14c_06.jpg,3
4bea0766c14c_07.jpg,3
4bea0766c14c_09.jpg,5
4bea0766c14c_10.jpg,5
4bea0766c14c_11.jpg,5
4bea0766c14c_15.jpg,7
4dc8a7fe7c02_01.jpg,1
4dc8a7fe7c02_03.jpg,1
4dc8a7fe7c02_04.jpg,1
4dc8a7fe7c02_12.jpg,5
4df1536de792_01.jpg,1
4df1536de792_02.jpg,1
4df1536de792_08.jpg,3
4df1536de792_15.jpg,7
4e308ad8a254_03.jpg,1
4e308ad8a254_05.jpg,3
4e308ad8a254_07.jpg,3
4e308ad8a254_09.jpg,5
4e308ad8a254_11.jpg,5
4e308ad8a254_16.jpg,7
4e5ac4b9f074_01.jpg,1
4e5ac4b9f074_07.jpg,3
4e5ac4b9f074_09.jpg,5
4e7bc95552ed_01.jpg,1
4e7bc95552ed_03.jpg,1
4e7bc95552ed_06.jpg,3
4e7bc95552ed_13.jpg,7
4e7bc95552ed_14.jpg,7
4e7bc95552ed_16.jpg,7
4f0397cf7937_09.jpg,5
4f0397cf7937_10.jpg,5
4f0397cf7937_14.jpg,7
4f0397cf7937_15.jpg,7
4f1f065d78ac_03.jpg,1
4f1f065d78ac_05.jpg,3
4f1f065d78ac_06.jpg,3
4f1f065d78ac_08.jpg,3
4f1f065d78ac_15.jpg,7
4fc2470c0f7b_04.jpg,1
4fc2470c0f7b_07.jpg,3
4fc2470c0f7b_11.jpg,5
4fc2470c0f7b_15.jpg,7
51f1cdf5f539_01.jpg,1
51f1cdf5f539_13.jpg,7
51f1cdf5f539_15.jpg,7
51f1cdf5f539_16.jpg,7
528eb34a4c29_07.jpg,3
528eb34a4c29_08.jpg,3
528eb34a4c29_09.jpg,5
528eb34a4c29_13.jpg,7
54ee69d7d5e5_10.jpg,5
54ee69d7d5e5_13.jpg,7
54ee69d7d5e5_15.jpg,7
553c658b9efa_01.jpg,1
553c658b9efa_14.jpg,7
553c658b9efa_15.jpg,7
5588758ee21c_02.jpg,1
5588758ee21c_06.jpg,3
5588758ee21c_09.jpg,5
5588758ee21c_12.jpg,5
5588758ee21c_13.jpg,7
5588758ee21c_15.jpg,7
56023a17481b_01.jpg,1
56023a17481b_03.jpg,1
56023a17481b_04.jpg,1
56023a17481b_07.jpg,3
56023a17481b_08.jpg,3
56023a17481b_09.jpg,5
56023a17481b_10.jpg,5
56023a17481b_11.jpg,5
56023a17481b_14.jpg,7
56023a17481b_15.jpg,7
56023a17481b_16.jpg,7
562706000bd7_07.jpg,3
562706000bd7_09.jpg,5
562706000bd7_12.jpg,5
5a194c1384f3_01.jpg,1
5a194c1384f3_03.jpg,1
5a194c1384f3_05.jpg,3
5a194c1384f3_06.jpg,3
5a194c1384f3_07.jpg,3
5a194c1384f3_08.jpg,3
5a194c1384f3_10.jpg,5
5a194c1384f3_12.jpg,5
5a194c1384f3_13.jpg,7
5a194c1384f3_14.jpg,7
5ab34f0e3ea5_03.jpg,1
5ab34f0e3ea5_05.jpg,3
5ab34f0e3ea5_09.jpg,5
5ab34f0e3ea5_13.jpg,7
5ab34f0e3ea5_15.jpg,7
5bc30efeb7bf_02.jpg,1
5bc30efeb7bf_07.jpg,3
5bc30efeb7bf_09.jpg,5
5bc30efeb7bf_10.jpg,5
5bc30efeb7bf_12.jpg,5
5bc30efeb7bf_15.jpg,7
5bc30efeb7bf_16.jpg,7
5bcde75955bb_02.jpg,1
5bcde75955bb_07.jpg,3
5bcde75955bb_08.jpg,3
5d95d80e10a9_03.jpg,1
5d95d80e10a9_07.jpg,3
5d95d80e10a9_08.jpg,3
5d95d80e10a9_10.jpg,5
5d95d80e10a9_11.jpg,5
5d95d80e10a9_12.jpg,5
5df60cf7cab2_02.jpg,1
5df60cf7cab2_04.jpg,1
5df60cf7cab2_07.jpg,3
5df60cf7cab2_09.jpg,5
5df60cf7cab2_11.jpg,5
5df60cf7cab2_13.jpg,7
5fb012d30fd9_03.jpg,1
5fb012d30fd9_05.jpg,3
5fb012d30fd9_09.jpg,5
5fb012d30fd9_11.jpg,5
5fb012d30fd9_12.jpg,5
5fb012d30fd9_13.jpg,7
61060ada97c9_01.jpg,1
61060ada97c9_03.jpg,1
61060ada97c9_04.jpg,1
61060ada97c9_08.jpg,3
61060ada97c9_12.jpg,5
6131a03dd028_04.jpg,1
6131a03dd028_05.jpg,3
6131a03dd028_06.jpg,3
6131a03dd028_09.jpg,5
6131a03dd028_10.jpg,5
6131a03dd028_16.jpg,7
630335e37f40_09.jpg,5
630335e37f40_11.jpg,5
6343156803f9_03.jpg,1
6343156803f9_04.jpg,1
6343156803f9_05.jpg,3
6343156803f9_12.jpg,5
6343156803f9_14.jpg,7
6343156803f9_16.jpg,7
64f701f36437_04.jpg,1
64f701f36437_09.jpg,5
64f701f36437_11.jpg,5
64f701f36437_13.jpg,7
64f701f36437_16.jpg,7
65051cfe0789_02.jpg,1
65051cfe0789_06.jpg,3
65051cfe0789_09.jpg,5
65051cfe0789_12.jpg,5
65051cfe0789_15.jpg,7
66fea07e1152_05.jpg,3
66fea07e1152_09.jpg,5
66fea07e1152_14.jpg,7
66fea07e1152_15.jpg,7
66fea07e1152_16.jpg,7
6752de44b721_06.jpg,3
6752de44b721_09.jpg,5
6752de44b721_10.jpg,5
6752de44b721_11.jpg,5
6752de44b721_16.jpg,7
683ddec95b82_08.jpg,3
683ddec95b82_10.jpg,5
683ddec95b82_11.jpg,5
683ddec95b82_12.jpg,5
683ddec95b82_15.jpg,7
68fcee2be01f_05.jpg,3
68fcee2be01f_06.jpg,3
68fcee2be01f_08.jpg,3
68fcee2be01f_14.jpg,7
68fcee2be01f_15.jpg,7
68fcee2be01f_16.jpg,7
695f39dfac16_01.jpg,1
695f39dfac16_02.jpg,1
695f39dfac16_07.jpg,3
695f39dfac16_09.jpg,5
695f39dfac16_14.jpg,7
695f39dfac16_16.jpg,7
69915dab0755_01.jpg,1
69915dab0755_02.jpg,1
69915dab0755_06.jpg,3
69915dab0755_08.jpg,3
69915dab0755_09.jpg,5
69915dab0755_10.jpg,5
69fba9e8f572_02.jpg,1
69fba9e8f572_03.jpg,1
69fba9e8f572_07.jpg,3
69fba9e8f572_13.jpg,7
69fba9e8f572_15.jpg,7
69fba9e8f572_16.jpg,7
6a951d3a3131_05.jpg,3
6a951d3a3131_06.jpg,3
6a951d3a3131_08.jpg,3
6a951d3a3131_10.jpg,5
6a951d3a3131_11.jpg,5
6a951d3a3131_13.jpg,7
6a951d3a3131_14.jpg,7
6ae670e86620_03.jpg,1
6ae670e86620_04.jpg,1
6ae670e86620_08.jpg,3
6ae670e86620_11.jpg,5
6ae670e86620_12.jpg,5
6ae670e86620_14.jpg,7
6ba36af67cb0_02.jpg,1
6ba36af67cb0_03.jpg,1
6ba36af67cb0_04.jpg,1
6ba36af67cb0_07.jpg,3
6ba36af67cb0_13.jpg,7
6bf969856536_03.jpg,1
6bf969856536_05.jpg,3
6bf969856536_06.jpg,3
6bf969856536_07.jpg,3
6bf969856536_08.jpg,3
6bf969856536_13.jpg,7
6bf969856536_14.jpg,7
6bf969856536_16.jpg,7
6bfd601be25e_02.jpg,1
6bfd601be25e_03.jpg,1
6bfd601be25e_04.jpg,1
6bfd601be25e_07.jpg,3
6bfd601be25e_16.jpg,7
6bff9e10288e_06.jpg,3
6bff9e10288e_07.jpg,3
6bff9e10288e_11.jpg,5
6bff9e10288e_14.jpg,7
6bff9e10288e_16.jpg,7
6c0cd487abcd_07.jpg,3
6c0cd487abcd_10.jpg,5
6c0cd487abcd_12.jpg,5
6c0cd487abcd_13.jpg,7
6c0cd487abcd_16.jpg,7
6c3470c34408_01.jpg,1
6c3470c34408_02.jpg,1
6c3470c34408_04.jpg,1
6c3470c34408_06.jpg,3
6c3470c34408_07.jpg,3
6c3470c34408_08.jpg,3
6c3470c34408_09.jpg,5
6c3470c34408_11.jpg,5
6c3470c34408_14.jpg,7
6cc98271f4dd_01.jpg,1
6cc98271f4dd_02.jpg,1
6d21aad248e4_02.jpg,1
6d21aad248e4_09.jpg,5
6d21aad248e4_11.jpg,5
6d21aad248e4_13.jpg,7
6d375bc2ece1_01.jpg,1
6d375bc2ece1_04.jpg,1
6d375bc2ece1_06.jpg,3
6d375bc2ece1_09.jpg,5
6d375bc2ece1_13.jpg,7
6d375bc2ece1_15.jpg,7
6d77433cc7ce_01.jpg,1
6d77433cc7ce_02.jpg,1
6d77433cc7ce_03.jpg,1
6d77433cc7ce_04.jpg,1
6d77433cc7ce_06.jpg,3
6d77433cc7ce_08.jpg,3
6d77433cc7ce_12.jpg,5
6d77433cc7ce_14.jpg,7
6d77433cc7ce_16.jpg,7
6dc8783eca68_01.jpg,1
6dc8783eca68_05.jpg,3
6dc8783eca68_11.jpg,5
6dc8783eca68_15.jpg,7
6e016b8b3617_05.jpg,3
6e016b8b3617_07.jpg,3
6e016b8b3617_12.jpg,5
6e016b8b3617_14.jpg,7
6f6dced498c4_05.jpg,3
6f6dced498c4_06.jpg,3
6f6dced498c4_07.jpg,3
6f6dced498c4_08.jpg,3
6f6dced498c4_09.jpg,5
6f6dced498c4_11.jpg,5
70b6a79565fe_08.jpg,3
70b6a79565fe_09.jpg,5
70b6a79565fe_10.jpg,5
70b6a79565fe_12.jpg,5
70b6a79565fe_13.jpg,7
717689f3e788_03.jpg,1
717689f3e788_08.jpg,3
717689f3e788_12.jpg,5
717689f3e788_14.jpg,7
7251c8797749_01.jpg,1
7251c8797749_05.jpg,3
7251c8797749_06.jpg,3
7251c8797749_09.jpg,5
7251c8797749_13.jpg,7
768f299c36e1_02.jpg,1
768f299c36e1_10.jpg,5
768f299c36e1_16.jpg,7
781c5338fe02_02.jpg,1
781c5338fe02_06.jpg,3
781c5338fe02_10.jpg,5
781c5338fe02_16.jpg,7
784ca55262c2_02.jpg,1
784ca55262c2_04.jpg,1
784ca55262c2_11.jpg,5
784ca55262c2_13.jpg,7
784ca55262c2_15.jpg,7
784ca55262c2_16.jpg,7
78bfb9c780db_02.jpg,1
78bfb9c780db_09.jpg,5
78bfb9c780db_15.jpg,7
78f63d808555_01.jpg,1
78f63d808555_02.jpg,1
78f63d808555_07.jpg,3
78f63d808555_16.jpg,7
791c1a9775be_06.jpg,3
791c1a9775be_08.jpg,3
791c1a9775be_09.jpg,5
791c1a9775be_10.jpg,5
791c1a9775be_14.jpg,7
795d2ee07ce2_04.jpg,1
795d2ee07ce2_05.jpg,3
795d2ee07ce2_06.jpg,3
795d2ee07ce2_07.jpg,3
795d2ee07ce2_09.jpg,5
79a7691a90b1_03.jpg,1
79a7691a90b1_05.jpg,3
79a7691a90b1_10.jpg,5
79a7691a90b1_12.jpg,5
79a7691a90b1_16.jpg,7
7ab9747cf6d7_05.jpg,3
7ab9747cf6d7_06.jpg,3
7ab9747cf6d7_07.jpg,3
7ab9747cf6d7_14.jpg,7
7ab9747cf6d7_16.jpg,7
7abaa38c227f_06.jpg,3
7abaa38c227f_11.jpg,5
7abaa38c227f_15.jpg,7
7ac210ba75a1_02.jpg,1
7ac210ba75a1_04.jpg,1
7ac210ba75a1_05.jpg,3
7ac210ba75a1_09.jpg,5
7ac210ba75a1_11.jpg,5
7ac210ba75a1_12.jpg,5
7bd1142155ae_03.jpg,1
7bd1142155ae_05.jpg,3
7bd1142155ae_06.jpg,3
7bd1142155ae_07.jpg,3
7bd1142155ae_12.jpg,5
7bd1142155ae_14.jpg,7
7fbc761387f3_03.jpg,1
7fbc761387f3_05.jpg,3
7fbc761387f3_07.jpg,3
7fbc761387f3_11.jpg,5
7fbc761387f3_15.jpg,7
82f72273d23e_01.jpg,1
82f72273d23e_05.jpg,3
82f72273d23e_06.jpg,3
82f72273d23e_15.jpg,7
843763f47895_05.jpg,3
843763f47895_07.jpg,3
843763f47895_09.jpg,5
843763f47895_12.jpg,5
843763f47895_14.jpg,7
858841907a4a_02.jpg,1
858841907a4a_05.jpg,3
858841907a4a_13.jpg,7
858841907a4a_14.jpg,7
858841907a4a_15.jpg,7
85bc655a7523_03.jpg,1
85bc655a7523_05.jpg,3
85bc655a7523_07.jpg,3
85bc655a7523_09.jpg,5
85bc655a7523_10.jpg,5
85bc655a7523_13.jpg,7
85bc655a7523_16.jpg,7
85cba1a00135_04.jpg,1
85cba1a00135_05.jpg,3
85cba1a00135_06.jpg,3
85cba1a00135_10.jpg,5
85cba1a00135_11.jpg,5
85cba1a00135_13.jpg,7
8603668953a6_04.jpg,1
8603668953a6_06.jpg,3
8603668953a6_10.jpg,5
8603668953a6_11.jpg,5
8603668953a6_12.jpg,5
8603668953a6_13.jpg,7
86c10c8c6206_01.jpg,1
86c10c8c6206_02.jpg,1
86c10c8c6206_03.jpg,1
86c10c8c6206_04.jpg,1
86c10c8c6206_06.jpg,3
86c10c8c6206_12.jpg,5
86c10c8c6206_16.jpg,7
878738468f6b_02.jpg,1
878738468f6b_03.jpg,1
878738468f6b_04.jpg,1
878738468f6b_06.jpg,3
878738468f6b_07.jpg,3
878738468f6b_12.jpg,5
878738468f6b_16.jpg,7
87e334269396_05.jpg,3
87e334269396_07.jpg,3
87e334269396_09.jpg,5
87e334269396_13.jpg,7
880ab8468df2_01.jpg,1
880ab8468df2_03.jpg,1
880ab8468df2_05.jpg,3
880ab8468df2_12.jpg,5
880ab8468df2_13.jpg,7
880fec285c06_04.jpg,1
880fec285c06_07.jpg,3
880fec285c06_13.jpg,7
888e04d96663_03.jpg,1
888e04d96663_05.jpg,3
888e04d96663_07.jpg,3
888e04d96663_08.jpg,3
888e04d96663_09.jpg,5
88bc32b9e1d9_03.jpg,1
88bc32b9e1d9_04.jpg,1
88bc32b9e1d9_07.jpg,3
88bc32b9e1d9_09.jpg,5
88bc32b9e1d9_11.jpg,5
898339fab87a_03.jpg,1
898339fab87a_06.jpg,3
898339fab87a_07.jpg,3
898339fab87a_10.jpg,5
8b4b87ad7be6_05.jpg,3
8b4b87ad7be6_10.jpg,5
8b4b87ad7be6_15.jpg,7
8b88fb784951_01.jpg,1
8b88fb784951_02.jpg,1
8b88fb784951_03.jpg,1
8b88fb784951_04.jpg,1
8b88fb784951_07.jpg,3
8b88fb784951_15.jpg,7
8d1a6723c458_01.jpg,1
8d1a6723c458_03.jpg,1
8d1a6723c458_05.jpg,3
8d1a6723c458_08.jpg,3
8d1a6723c458_10.jpg,5
8d1a6723c458_11.jpg,5
8d1a6723c458_15.jpg,7
8d5423cb763c_05.jpg,3
8d5423cb763c_07.jpg,3
8d5423cb763c_09.jpg,5
8d5423cb763c_10.jpg,5
8d5423cb763c_11.jpg,5
8d5423cb763c_16.jpg,7
8d78483ce302_03.jpg,1
8d78483ce302_04.jpg,1
8d78483ce302_05.jpg,3
8d78483ce302_11.jpg,5
8d78483ce302_14.jpg,7
8d78483ce302_16.jpg,7
90b65c521a8b_01.jpg,1
90b65c521a8b_06.jpg,3
90b65c521a8b_12.jpg,5
90b65c521a8b_16.jpg,7
90fdd8932877_02.jpg,1
90fdd8932877_04.jpg,1
90fdd8932877_10.jpg,5
917f262f1608_01.jpg,1
917f262f1608_04.jpg,1
917f262f1608_05.jpg,3
917f262f1608_10.jpg,5
917f262f1608_11.jpg,5
917f262f1608_13.jpg,7
917f262f1608_16.jpg,7
9274d0b3caa8_01.jpg,1
9274d0b3caa8_02.jpg,1
9274d0b3caa8_03.jpg,1
9274d0b3caa8_07.jpg,3
9274d0b3caa8_08.jpg,3
9274d0b3caa8_15.jpg,7
93881caf9f70_02.jpg,1
93881caf9f70_03.jpg,1
93881caf9f70_04.jpg,1
93881caf9f70_08.jpg,3
93881caf9f70_09.jpg,5
93881caf9f70_10.jpg,5
93881caf9f70_11.jpg,5
93881caf9f70_13.jpg,7
93881caf9f70_15.jpg,7
98ee0624de87_03.jpg,1
98ee0624de87_08.jpg,3
98ee0624de87_09.jpg,5
99639c826ea5_01.jpg,1
99639c826ea5_02.jpg,1
99639c826ea5_03.jpg,1
99639c826ea5_05.jpg,3
99639c826ea5_07.jpg,3
99639c826ea5_10.jpg,5
99639c826ea5_11.jpg,5
9a2bfb24ba6e_09.jpg,5
9a2bfb24ba6e_14.jpg,7
9a2bfb24ba6e_15.jpg,7
9ab2a45de8c7_12.jpg,5
9ab2a45de8c7_16.jpg,7
9c2e82c23803_07.jpg,3
9c2e82c23803_10.jpg,5
9c2e82c23803_12.jpg,5
9c2e82c23803_14.jpg,7
9cc257b449d0_01.jpg,1
9cc257b449d0_03.jpg,1
9cc257b449d0_07.jpg,3
9cc257b449d0_08.jpg,3
9cc257b449d0_10.jpg,5
9cc257b449d0_12.jpg,5
9cc257b449d0_13.jpg,7
9cc257b449d0_15.jpg,7
9cc257b449d0_16.jpg,7
9d8c465a0881_01.jpg,1
9d8c465a0881_02.jpg,1
9d8c465a0881_04.jpg,1
9d8c465a0881_09.jpg,5
9d8c465a0881_15.jpg,7
9dfaeb835626_01.jpg,1
9dfaeb835626_02.jpg,1
9dfaeb835626_03.jpg,1
9dfaeb835626_04.jpg,1
9dfaeb835626_07.jpg,3
9dfaeb835626_08.jpg,3
9dfaeb835626_14.jpg,7
9dfaeb835626_15.jpg,7
a070dbb32d2b_02.jpg,1
a070dbb32d2b_03.jpg,1
a070dbb32d2b_04.jpg,1
a070dbb32d2b_05.jpg,3
a070dbb32d2b_06.jpg,3
a070dbb32d2b_09.jpg,5
a070dbb32d2b_10.jpg,5
a070dbb32d2b_14.jpg,7
a070dbb32d2b_15.jpg,7
a078586ccdee_02.jpg,1
a078586ccdee_04.jpg,1
a078586ccdee_08.jpg,3
a078586ccdee_16.jpg,7
a1038b207299_02.jpg,1
a1038b207299_05.jpg,3
a1038b207299_11.jpg,5
a1038b207299_13.jpg,7
a1038b207299_14.jpg,7
a1038b207299_16.jpg,7
a2df64508b97_02.jpg,1
a2df64508b97_03.jpg,1
a2df64508b97_05.jpg,3
a2df64508b97_07.jpg,3
a2df64508b97_09.jpg,5
a2df64508b97_12.jpg,5
a2df64508b97_16.jpg,7
a3e2e104d58a_02.jpg,1
a3e2e104d58a_05.jpg,3
a3e2e104d58a_09.jpg,5
a3e2e104d58a_12.jpg,5
a3e2e104d58a_13.jpg,7
a3e2e104d58a_15.jpg,7
a3e2e104d58a_16.jpg,7
a4551c5409e3_03.jpg,1
a4551c5409e3_08.jpg,3
a4551c5409e3_10.jpg,5
a46baa0b3ac0_11.jpg,5
a46baa0b3ac0_14.jpg,7
a56f923399ca_02.jpg,1
a56f923399ca_03.jpg,1
a56f923399ca_05.jpg,3
a56f923399ca_07.jpg,3
a56f923399ca_10.jpg,5
a56f923399ca_12.jpg,5
a56f923399ca_15.jpg,7
a5fea424990e_09.jpg,5
a5fea424990e_13.jpg,7
a5fea424990e_14.jpg,7
a7b9e343cf6b_04.jpg,1
a7b9e343cf6b_07.jpg,3
a7b9e343cf6b_14.jpg,7
a7b9e343cf6b_16.jpg,7
a7c1ef8d9cc9_01.jpg,1
a7c1ef8d9cc9_04.jpg,1
a7c1ef8d9cc9_06.jpg,3
a7c1ef8d9cc9_07.jpg,3
a7c1ef8d9cc9_08.jpg,3
a7c1ef8d9cc9_09.jpg,5
a7c1ef8d9cc9_14.jpg,7
acb0fd30b83d_04.jpg,1
acb0fd30b83d_07.jpg,3
acb0fd30b83d_14.jpg,7
acb0fd30b83d_15.jpg,7
acb0fd30b83d_16.jpg,7
ad5a6a058944_02.jpg,1
ad5a6a058944_05.jpg,3
ad5a6a058944_10.jpg,5
ad5a6a058944_11.jpg,5
ae296a20fdd9_01.jpg,1
ae296a20fdd9_02.jpg,1
ae296a20fdd9_05.jpg,3
ae296a20fdd9_06.jpg,3
ae296a20fdd9_07.jpg,3
ae296a20fdd9_09.jpg,5
ae296a20fdd9_11.jpg,5
ae296a20fdd9_12.jpg,5
ae296a20fdd9_13.jpg,7
ae296a20fdd9_16.jpg,7
b1a27da4f01c_01.jpg,1
b1a27da4f01c_06.jpg,3
b1a27da4f01c_09.jpg,5
b1a27da4f01c_14.jpg,7
b24fd9084449_01.jpg,1
b24fd9084449_03.jpg,1
b24fd9084449_08.jpg,3
b24fd9084449_10.jpg,5
b38c4e132183_01.jpg,1
b38c4e132183_02.jpg,1
b38c4e132183_03.jpg,1
b38c4e132183_06.jpg,3
b38c4e132183_07.jpg,3
b38c4e132183_11.jpg,5
b38c4e132183_13.jpg,7
b44091aa62e4_01.jpg,1
b44091aa62e4_02.jpg,1
b44091aa62e4_08.jpg,3
b58cc561e560_01.jpg,1
b58cc561e560_03.jpg,1
b58cc561e560_04.jpg,1
b58cc561e560_07.jpg,3
b58cc561e560_09.jpg,5
b58cc561e560_12.jpg,5
b58cc561e560_13.jpg,7
b63a6f7952d4_07.jpg,3
b63a6f7952d4_10.jpg,5
b63a6f7952d4_12.jpg,5
b63a6f7952d4_14.jpg,7
b63a6f7952d4_16.jpg,7
b98c63cd6102_03.jpg,1
b98c63cd6102_05.jpg,3
b98c63cd6102_09.jpg,5
b98c63cd6102_10.jpg,5
b98c63cd6102_11.jpg,5
b98c63cd6102_13.jpg,7
ba7e7421003b_05.jpg,3
ba7e7421003b_09.jpg,5
ba7e7421003b_10.jpg,5
ba7e7421003b_13.jpg,7
ba7e7421003b_14.jpg,7
ba7e7421003b_15.jpg,7
ba7e7421003b_16.jpg,7
bad53871c7d9_01.jpg,1
bad53871c7d9_03.jpg,1
bad53871c7d9_07.jpg,3
bad53871c7d9_08.jpg,3
bad53871c7d9_10.jpg,5
bad53871c7d9_11.jpg,5
bad53871c7d9_13.jpg,7
bb2f95262773_03.jpg,1
bb2f95262773_07.jpg,3
bb2f95262773_08.jpg,3
bb2f95262773_10.jpg,5
bb2f95262773_13.jpg,7
bb2f95262773_16.jpg,7
bb7625a3f1d4_04.jpg,1
bb7625a3f1d4_05.jpg,3
bb7625a3f1d4_10.jpg,5
bb7625a3f1d4_15.jpg,7
bd8d5780ed04_03.jpg,1
bd8d5780ed04_07.jpg,3
bd8d5780ed04_08.jpg,3
bd8d5780ed04_14.jpg,7
be86e79f1225_03.jpg,1
be86e79f1225_05.jpg,3
be86e79f1225_06.jpg,3
be86e79f1225_07.jpg,3
be86e79f1225_13.jpg,7
be86e79f1225_14.jpg,7
be86e79f1225_16.jpg,7
bec93f7ddb19_01.jpg,1
bec93f7ddb19_04.jpg,1
bec93f7ddb19_06.jpg,3
bec93f7ddb19_07.jpg,3
bec93f7ddb19_09.jpg,5
bec93f7ddb19_10.jpg,5
bec93f7ddb19_11.jpg,5
bec93f7ddb19_15.jpg,7
bf92e198d9b6_01.jpg,1
bf92e198d9b6_02.jpg,1
bf92e198d9b6_05.jpg,3
bf92e198d9b6_08.jpg,3
bf92e198d9b6_10.jpg,5
bf92e198d9b6_11.jpg,5
bf92e198d9b6_12.jpg,5
bf92e198d9b6_16.jpg,7
bf9932f7aca8_06.jpg,3
bf9932f7aca8_09.jpg,5
bf9932f7aca8_10.jpg,5
bf9932f7aca8_14.jpg,7
bf9a32258ef4_04.jpg,1
bf9a32258ef4_05.jpg,3
bf9a32258ef4_10.jpg,5
bf9a32258ef4_16.jpg,7
c24b8293eceb_01.jpg,1
c24b8293eceb_05.jpg,3
c24b8293eceb_10.jpg,5
c24b8293eceb_13.jpg,7
c24b8293eceb_14.jpg,7
c24b8293eceb_15.jpg,7
c2fd64144e97_03.jpg,1
c2fd64144e97_06.jpg,3
c2fd64144e97_08.jpg,3
c2fd64144e97_11.jpg,5
c2fd64144e97_13.jpg,7
c2fd64144e97_15.jpg,7
c353e364e931_02.jpg,1
c353e364e931_04.jpg,1
c353e364e931_08.jpg,3
c353e364e931_09.jpg,5
c3614abc7405_02.jpg,1
c3614abc7405_06.jpg,3
c3614abc7405_08.jpg,3
c3614abc7405_10.jpg,5
c3614abc7405_13.jpg,7
c3614abc7405_14.jpg,7
c3dafdb02e7f_06.jpg,3
c3dafdb02e7f_07.jpg,3
c3dafdb02e7f_16.jpg,7
c4ac16c0dd59_02.jpg,1
c4ac16c0dd59_03.jpg,1
c4ac16c0dd59_06.jpg,3
c4ac16c0dd59_09.jpg,5
c4ac16c0dd59_11.jpg,5
c4ac16c0dd59_12.jpg,5
c4ac16c0dd59_16.jpg,7
c4f1840b2a65_05.jpg,3
c4f1840b2a65_14.jpg,7
c4f1840b2a65_15.jpg,7
c4f1840b2a65_16.jpg,7
c502287be9f6_07.jpg,3
c502287be9f6_08.jpg,3
c502287be9f6_13.jpg,7
c52b272a5329_06.jpg,3
c52b272a5329_08.jpg,3
c52b272a5329_13.jpg,7
c52b272a5329_14.jpg,7
c53e374fdd72_02.jpg,1
c53e374fdd72_09.jpg,5
c53e374fdd72_11.jpg,5
c53e374fdd72_15.jpg,7
c6f50d44f141_03.jpg,1
c6f50d44f141_07.jpg,3
c6f50d44f141_08.jpg,3
c6f50d44f141_11.jpg,5
c6f50d44f141_12.jpg,5
c6f50d44f141_13.jpg,7
c6f50d44f141_14.jpg,7
c6f50d44f141_16.jpg,7
c7145a80089e_03.jpg,1
c7145a80089e_05.jpg,3
c7145a80089e_12.jpg,5
c7145a80089e_13.jpg,7
c7145a80089e_15.jpg,7
c7a94c46a3b2_12.jpg,5
c7a94c46a3b2_15.jpg,7
c87688f6960e_02.jpg,1
c87688f6960e_05.jpg,3
c87688f6960e_07.jpg,3
c87688f6960e_08.jpg,3
c87688f6960e_09.jpg,5
c87688f6960e_10.jpg,5
c87688f6960e_12.jpg,5
c87688f6960e_13.jpg,7
c87688f6960e_15.jpg,7
c87688f6960e_16.jpg,7
c8d52e0ba341_01.jpg,1
c8d52e0ba341_04.jpg,1
c8d52e0ba341_10.jpg,5
c8d52e0ba341_16.jpg,7
c9acf5847ef1_01.jpg,1
c9acf5847ef1_05.jpg,3
c9acf5847ef1_10.jpg,5
c9f382c7349e_02.jpg,1
c9f382c7349e_03.jpg,1
c9f382c7349e_05.jpg,3
c9f382c7349e_06.jpg,3
c9f382c7349e_08.jpg,3
c9f382c7349e_10.jpg,5
c9f382c7349e_12.jpg,5
c9f382c7349e_13.jpg,7
c9f382c7349e_14.jpg,7
c9f382c7349e_16.jpg,7
cafee4122080_04.jpg,1
cafee4122080_08.jpg,3
cafee4122080_09.jpg,5
cafee4122080_11.jpg,5
cd2e588ef1c5_02.jpg,1
cd2e588ef1c5_03.jpg,1
cd2e588ef1c5_13.jpg,7
cd2e588ef1c5_14.jpg,7
ce74dfdf123b_03.jpg,1
ce74dfdf123b_07.jpg,3
ce74dfdf123b_09.jpg,5
ce74dfdf123b_16.jpg,7
cf5add31c130_03.jpg,1
cf65b1c5e147_05.jpg,3
cf65b1c5e147_08.jpg,3
cf65b1c5e147_12.jpg,5
cf65b1c5e147_15.jpg,7
cf89c3220bc4_01.jpg,1
cf89c3220bc4_02.jpg,1
cf89c3220bc4_06.jpg,3
cf89c3220bc4_10.jpg,5
cf89c3220bc4_13.jpg,7
cf89c3220bc4_14.jpg,7
d0392fd5feb6_02.jpg,1
d0392fd5feb6_05.jpg,3
d0392fd5feb6_07.jpg,3
d0392fd5feb6_10.jpg,5
d0392fd5feb6_14.jpg,7
d0392fd5feb6_16.jpg,7
d0dab700c896_03.jpg,1
d0dab700c896_06.jpg,3
d0dab700c896_07.jpg,3
d0dab700c896_09.jpg,5
d0dab700c896_11.jpg,5
d0dab700c896_12.jpg,5
d1a3af34e674_01.jpg,1
d1a3af34e674_06.jpg,3
d1a3af34e674_08.jpg,3
d1a3af34e674_09.jpg,5
d1a3af34e674_12.jpg,5
d1a3af34e674_13.jpg,7
d1a3af34e674_15.jpg,7
d1a3af34e674_16.jpg,7
d22e6a2ca6df_03.jpg,1
d22e6a2ca6df_04.jpg,1
d22e6a2ca6df_06.jpg,3
d22e6a2ca6df_07.jpg,3
d22e6a2ca6df_09.jpg,5
d22e6a2ca6df_11.jpg,5
d22e6a2ca6df_12.jpg,5
d22e6a2ca6df_13.jpg,7
d22e6a2ca6df_15.jpg,7
d326cb5c3d12_02.jpg,1
d326cb5c3d12_04.jpg,1
d326cb5c3d12_06.jpg,3
d326cb5c3d12_09.jpg,5
d326cb5c3d12_11.jpg,5
d326cb5c3d12_14.jpg,7
d3d0d2662918_01.jpg,1
d3d0d2662918_03.jpg,1
d3d0d2662918_04.jpg,1
d3d0d2662918_06.jpg,3
d3d0d2662918_07.jpg,3
d3d0d2662918_09.jpg,5
d3d0d2662918_15.jpg,7
d3d0d2662918_16.jpg,7
d46244bc42ed_02.jpg,1
d46244bc42ed_10.jpg,5
d46244bc42ed_12.jpg,5
d46244bc42ed_13.jpg,7
d46244bc42ed_14.jpg,7
d61b6bfeabb2_04.jpg,1
d61b6bfeabb2_05.jpg,3
d61b6bfeabb2_06.jpg,3
d61b6bfeabb2_07.jpg,3
d61b6bfeabb2_09.jpg,5
d61b6bfeabb2_12.jpg,5
d61b6bfeabb2_16.jpg,7
d8216041ffa9_08.jpg,3
d8216041ffa9_11.jpg,5
d8216041ffa9_14.jpg,7
d8216041ffa9_15.jpg,7
d8e1c401ac3c_01.jpg,1
d8e1c401ac3c_03.jpg,1
d8e1c401ac3c_04.jpg,1
d8e1c401ac3c_07.jpg,3
d8e1c401ac3c_10.jpg,5
d8f11603ef08_06.jpg,3
d8f11603ef08_11.jpg,5
d8f11603ef08_12.jpg,5
d8f11603ef08_13.jpg,7
d9b2ded58b72_05.jpg,3
d9b2ded58b72_11.jpg,5
d9b2ded58b72_12.jpg,5
d9b2ded58b72_13.jpg,7
db09fec614d2_03.jpg,1
db09fec614d2_08.jpg,3
db09fec614d2_09.jpg,5
db09fec614d2_10.jpg,5
db09fec614d2_14.jpg,7
db09fec614d2_15.jpg,7
dc1c5c2b9e49_03.jpg,1
dc995bf5296a_04.jpg,1
dc995bf5296a_09.jpg,5
dc995bf5296a_12.jpg,5
dc995bf5296a_14.jpg,7
dc995bf5296a_15.jpg,7
dd47eb7ac4ee_01.jpg,1
dd47eb7ac4ee_03.jpg,1
dd47eb7ac4ee_06.jpg,3
dd47eb7ac4ee_09.jpg,5
dd47eb7ac4ee_11.jpg,5
dd47eb7ac4ee_12.jpg,5
dd70a0a51e3b_04.jpg,1
dd70a0a51e3b_06.jpg,3
dd70a0a51e3b_09.jpg,5
dd70a0a51e3b_10.jpg,5
dd70a0a51e3b_12.jpg,5
ddb513df9406_01.jpg,1
ddb513df9406_10.jpg,5
ddb513df9406_15.jpg,7
ddb513df9406_16.jpg,7
de3ca5ec1e59_03.jpg,1
de3ca5ec1e59_07.jpg,3
de3ca5ec1e59_09.jpg,5
de3ca5ec1e59_10.jpg,5
de3ca5ec1e59_12.jpg,5
de3ca5ec1e59_13.jpg,7
de3ca5ec1e59_16.jpg,7
de74550a306a_02.jpg,1
de74550a306a_03.jpg,1
de74550a306a_04.jpg,1
de74550a306a_06.jpg,3
de74550a306a_07.jpg,3
de74550a306a_09.jpg,5
de74550a306a_14.jpg,7
df642435a951_08.jpg,3
df642435a951_09.jpg,5
df642435a951_10.jpg,5
df642435a951_12.jpg,5
df642435a951_15.jpg,7
e05b96cc2b0d_01.jpg,1
e05b96cc2b0d_03.jpg,1
e05b96cc2b0d_04.jpg,1
e05b96cc2b0d_08.jpg,3
e05b96cc2b0d_09.jpg,5
e05b96cc2b0d_16.jpg,7
e114fcbb9723_06.jpg,3
e114fcbb9723_08.jpg,3
e114fcbb9723_12.jpg,5
e114fcbb9723_13.jpg,7
e1d2c25f3510_01.jpg,1
e1d2c25f3510_07.jpg,3
e1d2c25f3510_14.jpg,7
e1d2c25f3510_16.jpg,7
e2230d0ceb02_09.jpg,5
e2230d0ceb02_11.jpg,5
e2230d0ceb02_14.jpg,7
e597d76a0c33_02.jpg,1
e597d76a0c33_03.jpg,1
e5fc2c1c4a8b_03.jpg,1
e5fc2c1c4a8b_05.jpg,3
e5fc2c1c4a8b_06.jpg,3
e5fc2c1c4a8b_07.jpg,3
e5fc2c1c4a8b_14.jpg,7
e6892bf10d31_03.jpg,1
e6892bf10d31_10.jpg,5
e6892bf10d31_11.jpg,5
e6892bf10d31_16.jpg,7
e8f607100c1f_06.jpg,3
e8f607100c1f_10.jpg,5
eaf9eb0b2293_01.jpg,1
eaf9eb0b2293_03.jpg,1
eaf9eb0b2293_05.jpg,3
eaf9eb0b2293_08.jpg,3
eaf9eb0b2293_09.jpg,5
eaf9eb0b2293_10.jpg,5
eaf9eb0b2293_11.jpg,5
eaf9eb0b2293_13.jpg,7
eaf9eb0b2293_14.jpg,7
eaf9eb0b2293_15.jpg,7
eb07e3f63ad2_02.jpg,1
eb07e3f63ad2_03.jpg,1
eb07e3f63ad2_04.jpg,1
eb07e3f63ad2_11.jpg,5
eb07e3f63ad2_13.jpg,7
eb07e3f63ad2_14.jpg,7
eb07e3f63ad2_16.jpg,7
eb91b1c659a0_01.jpg,1
eb91b1c659a0_02.jpg,1
eb91b1c659a0_03.jpg,1
eb91b1c659a0_06.jpg,3
eb91b1c659a0_07.jpg,3
eb91b1c659a0_11.jpg,5
eb91b1c659a0_12.jpg,5
ebfdf6ec7ede_01.jpg,1
ebfdf6ec7ede_02.jpg,1
ebfdf6ec7ede_04.jpg,1
ebfdf6ec7ede_05.jpg,3
ebfdf6ec7ede_10.jpg,5
ed13cbcdd5d8_02.jpg,1
ed13cbcdd5d8_03.jpg,1
ed13cbcdd5d8_05.jpg,3
ed13cbcdd5d8_07.jpg,3
ed13cbcdd5d8_11.jpg,5
ed13cbcdd5d8_12.jpg,5
ed13cbcdd5d8_14.jpg,7
ed8472086df8_03.jpg,1
ed8472086df8_05.jpg,3
ed8472086df8_08.jpg,3
ed8472086df8_10.jpg,5
ed8472086df8_15.jpg,7
eeb7eeca738e_01.jpg,1
eeb7eeca738e_05.jpg,3
eeb7eeca738e_06.jpg,3
eeb7eeca738e_09.jpg,5
eeb7eeca738e_13.jpg,7
eeb7eeca738e_14.jpg,7
eefc0d8c94f0_01.jpg,1
eefc0d8c94f0_03.jpg,1
eefc0d8c94f0_04.jpg,1
eefc0d8c94f0_16.jpg,7
ef5567efd904_06.jpg,3
ef5567efd904_07.jpg,3
ef5567efd904_08.jpg,3
ef5567efd904_13.jpg,7
efaef69e148d_03.jpg,1
efaef69e148d_04.jpg,1
efaef69e148d_05.jpg,3
efaef69e148d_08.jpg,3
efaef69e148d_09.jpg,5
efaef69e148d_13.jpg,7
efaef69e148d_14.jpg,7
f00905abd3d7_03.jpg,1
f00905abd3d7_05.jpg,3
f00905abd3d7_09.jpg,5
f00905abd3d7_10.jpg,5
f00905abd3d7_12.jpg,5
f00905abd3d7_15.jpg,7
f1eb080c7182_03.jpg,1
f1eb080c7182_14.jpg,7
f1eb080c7182_15.jpg,7
f3b482e091c0_05.jpg,3
f3b482e091c0_07.jpg,3
f3b482e091c0_16.jpg,7
f3eee6348205_02.jpg,1
f3eee6348205_05.jpg,3
f3eee6348205_07.jpg,3
f3eee6348205_08.jpg,3
f3eee6348205_09.jpg,5
f3eee6348205_10.jpg,5
f3eee6348205_12.jpg,5
f3eee6348205_16.jpg,7
f4cd1286d5f4_11.jpg,5
f4cd1286d5f4_14.jpg,7
f591b4f2e006_03.jpg,1
f591b4f2e006_11.jpg,5
f591b4f2e006_13.jpg,7
f591b4f2e006_15.jpg,7
f70052627830_03.jpg,1
f70052627830_05.jpg,3
f70052627830_06.jpg,3
f70052627830_08.jpg,3
f70052627830_15.jpg,7
f707d6fbc0cd_01.jpg,1
f707d6fbc0cd_05.jpg,3
f707d6fbc0cd_09.jpg,5
f707d6fbc0cd_13.jpg,7
f707d6fbc0cd_14.jpg,7
f707d6fbc0cd_16.jpg,7
f7ad86e13ed7_05.jpg,3
f7ad86e13ed7_08.jpg,3
f7ad86e13ed7_09.jpg,5
f7ad86e13ed7_11.jpg,5
f7ad86e13ed7_12.jpg,5
f7ad86e13ed7_15.jpg,7
f7ad86e13ed7_16.jpg,7
f8b6f4c39204_03.jpg,1
f8b6f4c39204_04.jpg,1
f8b6f4c39204_05.jpg,3
f8b6f4c39204_07.jpg,3
f8b6f4c39204_09.jpg,5
f8b6f4c39204_11.jpg,5
f98dbe8a5ee2_01.jpg,1
f98dbe8a5ee2_02.jpg,1
f98dbe8a5ee2_07.jpg,3
f98dbe8a5ee2_12.jpg,5
f98dbe8a5ee2_13.jpg,7
f98dbe8a5ee2_14.jpg,7
f98dbe8a5ee2_15.jpg,7
f98dbe8a5ee2_16.jpg,7
fa006be8b6d9_03.jpg,1
fa006be8b6d9_06.jpg,3
fa006be8b6d9_09.jpg,5
fa006be8b6d9_15.jpg,7
fa613ac8eac5_06.jpg,3
fa613ac8eac5_08.jpg,3
fa613ac8eac5_09.jpg,5
fa613ac8eac5_14.jpg,7
fa613ac8eac5_15.jpg,7
fa613ac8eac5_16.jpg,7
fb1b923dd978_01.jpg,1
fb1b923dd978_03.jpg,1
fb1b923dd978_05.jpg,3
fb1b923dd978_07.jpg,3
fb1b923dd978_12.jpg,5
fc237174b128_05.jpg,3
fc237174b128_08.jpg,3
fc237174b128_10.jpg,5
fc237174b128_12.jpg,5
fc5f1a3a66cf_03.jpg,1
fc5f1a3a66cf_05.jpg,3
fc5f1a3a66cf_08.jpg,3
fc5f1a3a66cf_09.jpg,5
fc5f1a3a66cf_13.jpg,7
fc5f1a3a66cf_15.jpg,7
fce0ba5b8ed7_04.jpg,1
fce0ba5b8ed7_05.jpg,3
fce0ba5b8ed7_06.jpg,3
fce0ba5b8ed7_14.jpg,7
fd9da5d0bb6f_01.jpg,1
fd9da5d0bb6f_05.jpg,3
fd9da5d0bb6f_10.jpg,5
fd9da5d0bb6f_11.jpg,5
fd9da5d0bb6f_13.jpg,7
fdc2c87853ce_04.jpg,1
fdc2c87853ce_13.jpg,7
fdc2c87853ce_14.jpg,7
feaf59172a01_06.jpg,3
feaf59172a01_07.jpg,3
feaf59172a01_09.jpg,5
feaf59172a01_13.jpg,7
feaf59172a01_15.jpg,7
fecea3036c59_02.jpg,1
fecea3036c59_03.jpg,1
fecea3036c59_14.jpg,7
fecea3036c59_15.jpg,7
fff9b3a5373f_02.jpg,1
fff9b3a5373f_03.jpg,1
fff9b3a5373f_07.jpg,3
fff9b3a5373f_11.jpg,5
fff9b3a5373f_16.jpg,7
