00087a6bd4dc_03.jpg,1
02159e548029_01.jpg,1
02159e548029_02.jpg,1
02159e548029_04.jpg,1
02159e548029_06.jpg,3
02159e548029_08.jpg,3
02159e548029_09.jpg,5
02159e548029_11.jpg,5
03a857ce842d_01.jpg,1
03a857ce842d_05.jpg,3
03a857ce842d_08.jpg,3
03a857ce842d_15.jpg,7
0495dcf27283_01.jpg,1
0495dcf27283_07.jpg,3
0495dcf27283_10.jpg,5
0495dcf27283_12.jpg,5
0495dcf27283_13.jpg,7
0495dcf27283_14.jpg,7
0495dcf27283_15.jpg,7
04bd942b463b_03.jpg,1
04bd942b463b_06.jpg,3
04bd942b463b_09.jpg,5
04bd942b463b_10.jpg,5
04bd942b463b_14.jpg,7
04bd942b463b_16.jpg,7
0789bed99cb8_01.jpg,1
0789bed99cb8_06.jpg,3
0789bed99cb8_08.jpg,3
0789bed99cb8_11.jpg,5
0795e132d090_06.jpg,3
0795e132d090_07.jpg,3
0795e132d090_11.jpg,5
0795e132d090_12.jpg,5
0795e132d090_13.jpg,7
0795e132d090_14.jpg,7
0795e132d090_15.jpg,7
08a646be6b30_01.jpg,1
08a646be6b30_02.jpg,1
08a646be6b30_04.jpg,1
08a646be6b30_10.jpg,5
08a646be6b30_11.jpg,5
08a646be6b30_14.jpg,7
0cdf5b5d0ce1_03.jpg,1
0cdf5b5d0ce1_06.jpg,3
0cdf5b5d0ce1_08.jpg,3
0cdf5b5d0ce1_09.jpg,5
0cdf5b5d0ce1_12.jpg,5
0cdf5b5d0ce1_13.jpg,7
0cdf5b5d0ce1_14.jpg,7
0ce66b539f52_03.jpg,1
0ce66b539f52_10.jpg,5
0ce66b539f52_16.jpg,7
0d1a9caf4350_04.jpg,1
0d1a9caf4350_06.jpg,3
0d1a9caf4350_13.jpg,7
0d1a9caf4350_16.jpg,7
0d3adbbc9a8b_01.jpg,1
0d3adbbc9a8b_03.jpg,1
0d3adbbc9a8b_05.jpg,3
0d3adbbc9a8b_07.jpg,3
0d3adbbc9a8b_08.jpg,3
0d3adbbc9a8b_09.jpg,5
0d3adbbc9a8b_16.jpg,7
0d53224da2b7_01.jpg,1
0d53224da2b7_02.jpg,1
0d53224da2b7_03.jpg,1
0d53224da2b7_06.jpg,3
0d53224da2b7_08.jpg,3
0d53224da2b7_10.jpg,5
0d53224da2b7_16.jpg,7
0de66245f268_02.jpg,1
0de66245f268_03.jpg,1
0de66245f268_05.jpg,3
0de66245f268_08.jpg,3
0de66245f268_12.jpg,5
0de66245f268_16.jpg,7
0ed6904e1004_06.jpg,3
0ed6904e1004_10.jpg,5
0ed6904e1004_15.jpg,7
0ee135a3cccc_02.jpg,1
0ee135a3cccc_03.jpg,1
0ee135a3cccc_07.jpg,3
0ee135a3cccc_08.jpg,3
0ee135a3cccc_11.jpg,5
0ee135a3cccc_16.jpg,7
0eeaf1ff136d_04.jpg,1
0eeaf1ff136d_06.jpg,3
0eeaf1ff136d_08.jpg,3
11acc40dc0ea_01.jpg,1
11acc40dc0ea_08.jpg,3
11acc40dc0ea_10.jpg,5
11acc40dc0ea_15.jpg,7
11acc40dc0ea_16.jpg,7
11f3dc041cfb_03.jpg,1
11f3dc041cfb_11.jpg,5
11f3dc041cfb_13.jpg,7
11f3dc041cfb_15.jpg,7
11f3dc041cfb_16.jpg,7
11fcda0a9e1c_04.jpg,1
11fcda0a9e1c_06.jpg,3
11fcda0a9e1c_09.jpg,5
11fcda0a9e1c_13.jpg,7
120c1dc7b116_02.jpg,1
120c1dc7b116_06.jpg,3
120c1dc7b116_07.jpg,3
120c1dc7b116_08.jpg,3
120c1dc7b116_13.jpg,7
120c1dc7b116_15.jpg,7
1258cf954183_04.jpg,1
1258cf954183_05.jpg,3
1258cf954183_08.jpg,3
1258cf954183_10.jpg,5
1258cf954183_14.jpg,7
125cadcb9feb_01.jpg,1
125cadcb9feb_03.jpg,1
125cadcb9feb_08.jpg,3
125cadcb9feb_10.jpg,5
125cadcb9feb_13.jpg,7
125cadcb9feb_14.jpg,7
125cadcb9feb_16.jpg,7
1390696b70b6_05.jpg,3
1390696b70b6_06.jpg,3
1390696b70b6_11.jpg,5
1390696b70b6_12.jpg,5
1390696b70b6_14.jpg,7
13cad6eeabe8_02.jpg,1
13cad6eeabe8_05.jpg,3
13cad6eeabe8_07.jpg,3
13cad6eeabe8_09.jpg,5
13cad6eeabe8_10.jpg,5
13cad6eeabe8_12.jpg,5
151c7f2d4183_03.jpg,1
151c7f2d4183_04.jpg,1
151c7f2d4183_07.jpg,3
151c7f2d4183_14.jpg,7
154ee2b6d27a_01.jpg,1
154ee2b6d27a_02.jpg,1
154ee2b6d27a_03.jpg,1
154ee2b6d27a_06.jpg,3
154ee2b6d27a_12.jpg,5
154ee2b6d27a_14.jpg,7
169f5f6d8c9d_04.jpg,1
169f5f6d8c9d_07.jpg,3
169f5f6d8c9d_09.jpg,5
169f5f6d8c9d_16.jpg,7
16f0ec26d608_08.jpg,3
16f0ec26d608_12.jpg,5
16f0ec26d608_13.jpg,7
16f0ec26d608_15.jpg,7
189a2a32a615_02.jpg,1
189a2a32a615_04.jpg,1
189a2a32a615_05.jpg,3
189a2a32a615_06.jpg,3
1952e5f91de0_01.jpg,1
1952e5f91de0_03.jpg,1
1952e5f91de0_06.jpg,3
1952e5f91de0_08.jpg,3
1952e5f91de0_11.jpg,5
1952e5f91de0_12.jpg,5
1952e5f91de0_16.jpg,7
1a17a1bd648b_03.jpg,1
1a17a1bd648b_06.jpg,3
1a17a1bd648b_08.jpg,3
1a17a1bd648b_10.jpg,5
1a17a1bd648b_14.jpg,7
1a17a1bd648b_15.jpg,7
1aba91a601c6_03.jpg,1
1aba91a601c6_07.jpg,3
1aba91a601c6_09.jpg,5
1aba91a601c6_15.jpg,7
1adaeb44f109_01.jpg,1
1adaeb44f109_02.jpg,1
1adaeb44f109_06.jpg,3
1adaeb44f109_08.jpg,3
1adaeb44f109_11.jpg,5
1adaeb44f109_12.jpg,5
1adaeb44f109_14.jpg,7
1adaeb44f109_16.jpg,7
1ae8a68a40e4_07.jpg,3
1ae8a68a40e4_09.jpg,5
1b25ea8ba94d_03.jpg,1
1b25ea8ba94d_04.jpg,1
1ba84b81628e_03.jpg,1
1ba84b81628e_04.jpg,1
1ba84b81628e_07.jpg,3
1ba84b81628e_09.jpg,5
1ba84b81628e_15.jpg,7
1c5748340af8_02.jpg,1
1c5748340af8_07.jpg,3
1c5748340af8_08.jpg,3
1c5748340af8_10.jpg,5
1c5748340af8_13.jpg,7
1e6f48393e17_02.jpg,1
1e6f48393e17_03.jpg,1
1e6f48393e17_06.jpg,3
1e6f48393e17_14.jpg,7
1e6f48393e17_15.jpg,7
1e6f48393e17_16.jpg,7
1e89e1af42e7_02.jpg,1
1e89e1af42e7_07.jpg,3
1e89e1af42e7_12.jpg,5
1e89e1af42e7_14.jpg,7
1e89e1af42e7_15.jpg,7
21a7e6726ee3_01.jpg,1
21a7e6726ee3_02.jpg,1
21a7e6726ee3_07.jpg,3
21a7e6726ee3_11.jpg,5
21a7e6726ee3_14.jpg,7
21a7e6726ee3_15.jpg,7
2267f4aa0d2c_02.jpg,1
2267f4aa0d2c_09.jpg,5
2267f4aa0d2c_11.jpg,5
2267f4aa0d2c_13.jpg,7
2335eef27de6_01.jpg,1
2335eef27de6_02.jpg,1
2335eef27de6_03.jpg,1
2335eef27de6_06.jpg,3
2335eef27de6_08.jpg,3
2335eef27de6_10.jpg,5
2335eef27de6_11.jpg,5
2335eef27de6_15.jpg,7
23c088f6ec27_05.jpg,3
23c088f6ec27_10.jpg,5
23c088f6ec27_13.jpg,7
23c088f6ec27_14.jpg,7
23c088f6ec27_16.jpg,7
245f9c9eab8a_01.jpg,1
245f9c9eab8a_05.jpg,3
245f9c9eab8a_07.jpg,3
245f9c9eab8a_13.jpg,7
245f9c9eab8a_15.jpg,7
26ccab021981_02.jpg,1
26ccab021981_06.jpg,3
26ccab021981_13.jpg,7
26ccab021981_15.jpg,7
28109f18d9d4_03.jpg,1
28109f18d9d4_04.jpg,1
28109f18d9d4_12.jpg,5
28109f18d9d4_14.jpg,7
28109f18d9d4_16.jpg,7
28d7fb5ba432_02.jpg,1
28d7fb5ba432_10.jpg,5
28d7fb5ba432_15.jpg,7
28d7fb5ba432_16.jpg,7
28d9a149cb02_01.jpg,1
28d9a149cb02_12.jpg,5
28d9a149cb02_13.jpg,7
28d9a149cb02_15.jpg,7
292f59c6a347_01.jpg,1
292f59c6a347_06.jpg,3
292f59c6a347_14.jpg,7
293a0fa72e5b_01.jpg,1
293a0fa72e5b_02.jpg,1
293a0fa72e5b_05.jpg,3
293a0fa72e5b_08.jpg,3
293a0fa72e5b_10.jpg,5
293a0fa72e5b_14.jpg,7
2990f858e939_01.jpg,1
2990f858e939_02.jpg,1
2990f858e939_08.jpg,3
2990f858e939_09.jpg,5
2990f858e939_11.jpg,5
2990f858e939_12.jpg,5
2990f858e939_13.jpg,7
2990f858e939_16.jpg,7
2a4a8964ebf3_06.jpg,3
2a4a8964ebf3_07.jpg,3
2a4a8964ebf3_11.jpg,5
2af7c265531e_01.jpg,1
2af7c265531e_03.jpg,1
2af7c265531e_06.jpg,3
2af7c265531e_08.jpg,3
2af7c265531e_09.jpg,5
2af7c265531e_10.jpg,5
2af7c265531e_13.jpg,7
2af7c265531e_16.jpg,7
2c57132da7a0_04.jpg,1
2c57132da7a0_05.jpg,3
2c57132da7a0_08.jpg,3
2c57132da7a0_10.jpg,5
2c57132da7a0_13.jpg,7
2cb06c1f5bb1_02.jpg,1
2cb06c1f5bb1_03.jpg,1
2cb06c1f5bb1_05.jpg,3
2cb06c1f5bb1_06.jpg,3
2cb91c2543fa_01.jpg,1
2cb91c2543fa_05.jpg,3
2cb91c2543fa_08.jpg,3
2cb91c2543fa_12.jpg,5
2cb91c2543fa_13.jpg,7
2cb91c2543fa_15.jpg,7
2ea62c1beee7_02.jpg,1
2ea62c1beee7_07.jpg,3
2ea62c1beee7_12.jpg,5
2f39abb12388_06.jpg,3
2f39abb12388_07.jpg,3
2f39abb12388_13.jpg,7
2faf504842df_05.jpg,3
2faf504842df_06.jpg,3
2faf504842df_07.jpg,3
2faf504842df_11.jpg,5
2faf504842df_12.jpg,5
2faf504842df_14.jpg,7
304437bad7ff_02.jpg,1
304437bad7ff_08.jpg,3
304437bad7ff_10.jpg,5
304437bad7ff_13.jpg,7
304437bad7ff_15.jpg,7
3071362591f7_04.jpg,1
3071362591f7_05.jpg,3
3071362591f7_09.jpg,5
3071362591f7_12.jpg,5
3071362591f7_13.jpg,7
31186febd775_03.jpg,1
31186febd775_06.jpg,3
31186febd775_07.jpg,3
31186febd775_08.jpg,3
31186febd775_10.jpg,5
316bbfd3d93d_01.jpg,1
316bbfd3d93d_10.jpg,5
32edfb7723ff_06.jpg,3
32edfb7723ff_07.jpg,3
32edfb7723ff_11.jpg,5
32edfb7723ff_15.jpg,7
32ff007d9505_01.jpg,1
32ff007d9505_02.jpg,1
32ff007d9505_09.jpg,5
32ff007d9505_12.jpg,5
33a310ea7462_01.jpg,1
33a310ea7462_04.jpg,1
33a310ea7462_05.jpg,3
33a310ea7462_08.jpg,3
33a310ea7462_11.jpg,5
344ece157efc_05.jpg,3
344ece157efc_09.jpg,5
344ece157efc_11.jpg,5
344ece157efc_16.jpg,7
34b0c08544a5_03.jpg,1
34b0c08544a5_06.jpg,3
34b0c08544a5_07.jpg,3
34b0c08544a5_08.jpg,3
34b0c08544a5_09.jpg,5
34b0c08544a5_10.jpg,5
34b0c08544a5_14.jpg,7
34b0c08544a5_16.jpg,7
34defeec3ce6_04.jpg,1
34defeec3ce6_05.jpg,3
34defeec3ce6_06.jpg,3
34defeec3ce6_08.jpg,3
34defeec3ce6_12.jpg,5
34defeec3ce6_13.jpg,7
351c583eabd6_02.jpg,1
351c583eabd6_04.jpg,1
351c583eabd6_06.jpg,3
351c583eabd6_12.jpg,5
351c583eabd6_16.jpg,7
3627b6f4c16d_01.jpg,1
3627b6f4c16d_06.jpg,3
3627b6f4c16d_08.jpg,3
3627b6f4c16d_09.jpg,5
3627b6f4c16d_10.jpg,5
3627b6f4c16d_11.jpg,5
3627b6f4c16d_12.jpg,5
364923a5002f_02.jpg,1
364923a5002f_05.jpg,3
364923a5002f_13.jpg,7
364923a5002f_15.jpg,7
364fd5fd7569_03.jpg,1
364fd5fd7569_04.jpg,1
364fd5fd7569_05.jpg,3
364fd5fd7569_07.jpg,3
364fd5fd7569_08.jpg,3
364fd5fd7569_09.jpg,5
364fd5fd7569_10.jpg,5
364fd5fd7569_11.jpg,5
364fd5fd7569_15.jpg,7
364fd5fd7569_16.jpg,7
36a3f7f77e85_01.jpg,1
36a3f7f77e85_05.jpg,3
36a3f7f77e85_07.jpg,3
36a3f7f77e85_08.jpg,3
36a3f7f77e85_09.jpg,5
36a3f7f77e85_11.jpg,5
36a3f7f77e85_14.jpg,7
36a3f7f77e85_16.jpg,7
371f057d1242_01.jpg,1
371f057d1242_02.jpg,1
371f057d1242_04.jpg,1
371f057d1242_06.jpg,3
371f057d1242_13.jpg,7
371f057d1242_15.jpg,7
3789e15178c7_12.jpg,5
3789e15178c7_13.jpg,7
3789e15178c7_16.jpg,7
3810c5e1cdeb_03.jpg,1
3810c5e1cdeb_05.jpg,3
3810c5e1cdeb_09.jpg,5
3810c5e1cdeb_11.jpg,5
3810c5e1cdeb_12.jpg,5
3a7a8f03e713_02.jpg,1
3afec4b5ac07_03.jpg,1
3afec4b5ac07_07.jpg,3
3afec4b5ac07_15.jpg,7
3b45f83ba3fa_01.jpg,1
3b45f83ba3fa_04.jpg,1
3b45f83ba3fa_08.jpg,3
3b45f83ba3fa_09.jpg,5
3b45f83ba3fa_11.jpg,5
3b45f83ba3fa_12.jpg,5
3b45f83ba3fa_14.jpg,7
3bca821c8c41_01.jpg,1
3bca821c8c41_02.jpg,1
3bca821c8c41_11.jpg,5
3bca821c8c41_12.jpg,5
3bca821c8c41_13.jpg,7
3bca821c8c41_16.jpg,7
3c16409ab9db_02.jpg,1
3c16409ab9db_04.jpg,1
3c16409ab9db_11.jpg,5
3c16409ab9db_13.jpg,7
3c16409ab9db_16.jpg,7
3c54e71fd2c9_02.jpg,1
3c54e71fd2c9_05.jpg,3
3c54e71fd2c9_08.jpg,3
3c54e71fd2c9_10.jpg,5
3c54e71fd2c9_13.jpg,7
3c54e71fd2c9_14.jpg,7
3c6acfceb552_05.jpg,3
3c6acfceb552_07.jpg,3
3c6acfceb552_09.jpg,5
3c6acfceb552_11.jpg,5
3c6acfceb552_15.jpg,7
3c6acfceb552_16.jpg,7
3cb21125f126_02.jpg,1
3cb21125f126_03.jpg,1
3cb21125f126_08.jpg,3
3cb21125f126_13.jpg,7
3d7a1030deeb_08.jpg,3
3d7a1030deeb_09.jpg,5
3d7a1030deeb_10.jpg,5
3d7a1030deeb_11.jpg,5
3d7a1030deeb_15.jpg,7
3f202616a2b9_01.jpg,1
3f202616a2b9_03.jpg,1
3f202616a2b9_06.jpg,3
3f202616a2b9_07.jpg,3
3f202616a2b9_13.jpg,7
3f3e362dea23_01.jpg,1
3f3e362dea23_04.jpg,1
3f3e362dea23_06.jpg,3
3f3e362dea23_07.jpg,3
3f3e362dea23_09.jpg,5
3f3e362dea23_12.jpg,5
3f8d611822bc_01.jpg,1
3f8d611822bc_03.jpg,1
3f8d611822bc_06.jpg,3
3f8d611822bc_07.jpg,3
3f8d611822bc_10.jpg,5
3f8d611822bc_13.jpg,7
40851e617b93_04.jpg,1
40851e617b93_07.jpg,3
40851e617b93_11.jpg,5
40851e617b93_15.jpg,7
419687d50dcd_04.jpg,1
419687d50dcd_05.jpg,3
419687d50dcd_07.jpg,3
419687d50dcd_10.jpg,5
419687d50dcd_11.jpg,5
419687d50dcd_14.jpg,7
42415ff65013_03.jpg,1
42415ff65013_04.jpg,1
42415ff65013_11.jpg,5
42415ff65013_14.jpg,7
424658d9f222_02.jpg,1
424658d9f222_03.jpg,1
424658d9f222_07.jpg,3
424658d9f222_08.jpg,3
42a3297ccd4b_02.jpg,1
42a3297ccd4b_04.jpg,1
42a3297ccd4b_05.jpg,3
42a3297ccd4b_06.jpg,3
42a3297ccd4b_07.jpg,3
42a3297ccd4b_09.jpg,5
42a3297ccd4b_10.jpg,5
42a3297ccd4b_12.jpg,5
42a3297ccd4b_13.jpg,7
42a3297ccd4b_14.jpg,7
42b3feca1993_06.jpg,3
42b3feca1993_07.jpg,3
42b3feca1993_11.jpg,5
42b3feca1993_12.jpg,5
42b3feca1993_15.jpg,7
42d81612e2ce_01.jpg,1
42d81612e2ce_06.jpg,3
42d81612e2ce_09.jpg,5
42d81612e2ce_11.jpg,5
42d81612e2ce_12.jpg,5
42d81612e2ce_14.jpg,7
42d81612e2ce_15.jpg,7
42d81612e2ce_16.jpg,7
430f0cb5666c_05.jpg,3
430f0cb5666c_07.jpg,3
430f0cb5666c_13.jpg,7
430f0cb5666c_14.jpg,7
47ea8f25c948_01.jpg,1
47ea8f25c948_05.jpg,3
47ea8f25c948_07.jpg,3
47ea8f25c948_08.jpg,3
47ea8f25c948_10.jpg,5
47ea8f25c948_15.jpg,7
4856fcb85be0_02.jpg,1
4856fcb85be0_09.jpg,5
4856fcb85be0_13.jpg,7
48b3f0c936b5_01.jpg,1
48b3f0c936b5_03.jpg,1
48b3f0c936b5_05.jpg,3
48b3f0c936b5_07.jpg,3
48b3f0c936b5_11.jpg,5
48b3f0c936b5_13.jpg,7
48b3f0c936b5_14.jpg,7
48b3f0c936b5_15.jpg,7
4a4364d7fc6d_01.jpg,1
4a4364d7fc6d_02.jpg,1
4a4364d7fc6d_03.jpg,1
4a4364d7fc6d_08.jpg,3
4a4364d7fc6d_11.jpg,5
4a4364d7fc6d_13.jpg,7
4a4364d7fc6d_14.jpg,7
4a4364d7fc6d_15.jpg,7
4b74275babf7_01.jpg,1
4b74275babf7_03.jpg,1
4b74275babf7_05.jpg,3
4b74275babf7_09.jpg,5
4baf50a3d8c2_08.jpg,3
4baf50a3d8c2_10.jpg,5
4baf50a3d8c2_11.jpg,5
4baf50a3d8c2_14.jpg,7
4bea0766c14c_03.jpg,1
4bea0766c14c_04.jpg,1
4bea0766c14c_08.jpg,3
4bea0766c14c_14.jpg,7
4dc8a7fe7c02_05.jpg,3
4dc8a7fe7c02_06.jpg,3
4dc8a7fe7c02_07.jpg,3
4dc8a7fe7c02_08.jpg,3
4dc8a7fe7c02_10.jpg,5
4dc8a7fe7c02_11.jpg,5
4dc8a7fe7c02_13.jpg,7
4dc8a7fe7c02_14.jpg,7
4dc8a7fe7c02_16.jpg,7
4df1536de792_06.jpg,3
4df1536de792_09.jpg,5
4df1536de792_12.jpg,5
4df1536de792_16.jpg,7
4e308ad8a254_04.jpg,1
4e308ad8a254_08.jpg,3
4e308ad8a254_13.jpg,7
4e308ad8a254_14.jpg,7
4e5ac4b9f074_02.jpg,1
4e5ac4b9f074_03.jpg,1
4e5ac4b9f074_04.jpg,1
4e5ac4b9f074_06.jpg,3
4e5ac4b9f074_11.jpg,5
4e5ac4b9f074_12.jpg,5
4e5ac4b9f074_15.jpg,7
4e5ac4b9f074_16.jpg,7
4e7bc95552ed_04.jpg,1
4e7bc95552ed_07.jpg,3
4e7bc95552ed_10.jpg,5
4e7bc95552ed_15.jpg,7
4f0397cf7937_03.jpg,1
4f0397cf7937_04.jpg,1
4f0397cf7937_05.jpg,3
4f0397cf7937_07.jpg,3
4f0397cf7937_16.jpg,7
4f1f065d78ac_02.jpg,1
4f1f065d78ac_04.jpg,1
4f1f065d78ac_09.jpg,5
4f1f065d78ac_10.jpg,5
4f1f065d78ac_13.jpg,7
4f1f065d78ac_14.jpg,7
4f1f065d78ac_16.jpg,7
4fc2470c0f7b_01.jpg,1
4fc2470c0f7b_03.jpg,1
4fc2470c0f7b_05.jpg,3
4fc2470c0f7b_06.jpg,3
4fc2470c0f7b_12.jpg,5
4fc2470c0f7b_14.jpg,7
4fc2470c0f7b_16.jpg,7
51f1cdf5f539_04.jpg,1
51f1cdf5f539_05.jpg,3
51f1cdf5f539_06.jpg,3
51f1cdf5f539_08.jpg,3
51f1cdf5f539_09.jpg,5
51f1cdf5f539_14.jpg,7
528eb34a4c29_01.jpg,1
528eb34a4c29_02.jpg,1
528eb34a4c29_05.jpg,3
528eb34a4c29_11.jpg,5
528eb34a4c29_15.jpg,7
54ee69d7d5e5_05.jpg,3
54ee69d7d5e5_08.jpg,3
54ee69d7d5e5_09.jpg,5
54ee69d7d5e5_12.jpg,5
54ee69d7d5e5_16.jpg,7
553c658b9efa_03.jpg,1
553c658b9efa_06.jpg,3
553c658b9efa_07.jpg,3
553c658b9efa_09.jpg,5
553c658b9efa_12.jpg,5
5588758ee21c_05.jpg,3
5588758ee21c_10.jpg,5
5588758ee21c_16.jpg,7
56023a17481b_02.jpg,1
56023a17481b_13.jpg,7
562706000bd7_01.jpg,1
562706000bd7_02.jpg,1
562706000bd7_03.jpg,1
562706000bd7_04.jpg,1
562706000bd7_08.jpg,3
562706000bd7_14.jpg,7
5a194c1384f3_02.jpg,1
5ab34f0e3ea5_01.jpg,1
5ab34f0e3ea5_04.jpg,1
5ab34f0e3ea5_07.jpg,3
5ab34f0e3ea5_08.jpg,3
5ab34f0e3ea5_11.jpg,5
5ab34f0e3ea5_12.jpg,5
5ab34f0e3ea5_16.jpg,7
5bc30efeb7bf_03.jpg,1
5bc30efeb7bf_06.jpg,3
5bc30efeb7bf_08.jpg,3
5bc30efeb7bf_11.jpg,5
5bc30efeb7bf_13.jpg,7
5bc30efeb7bf_14.jpg,7
5bcde75955bb_06.jpg,3
5bcde75955bb_11.jpg,5
5bcde75955bb_12.jpg,5
5bcde75955bb_13.jpg,7
5bcde75955bb_15.jpg,7
5d95d80e10a9_05.jpg,3
5d95d80e10a9_09.jpg,5
5d95d80e10a9_16.jpg,7
5df60cf7cab2_01.jpg,1
5df60cf7cab2_03.jpg,1
5df60cf7cab2_06.jpg,3
5df60cf7cab2_08.jpg,3
5df60cf7cab2_12.jpg,5
5df60cf7cab2_15.jpg,7
5fb012d30fd9_01.jpg,1
5fb012d30fd9_02.jpg,1
5fb012d30fd9_04.jpg,1
5fb012d30fd9_06.jpg,3
5fb012d30fd9_08.jpg,3
5fb012d30fd9_14.jpg,7
61060ada97c9_07.jpg,3
61060ada97c9_09.jpg,5
61060ada97c9_11.jpg,5
61060ada97c9_15.jpg,7
6131a03dd028_02.jpg,1
6131a03dd028_07.jpg,3
6131a03dd028_11.jpg,5
6131a03dd028_12.jpg,5
6131a03dd028_14.jpg,7
630335e37f40_02.jpg,1
630335e37f40_04.jpg,1
630335e37f40_06.jpg,3
630335e37f40_08.jpg,3
630335e37f40_12.jpg,5
630335e37f40_14.jpg,7
630335e37f40_15.jpg,7
630335e37f40_16.jpg,7
6343156803f9_02.jpg,1
6343156803f9_08.jpg,3
6343156803f9_15.jpg,7
64f701f36437_07.jpg,3
64f701f36437_12.jpg,5
64f701f36437_14.jpg,7
65051cfe0789_01.jpg,1
65051cfe0789_04.jpg,1
65051cfe0789_07.jpg,3
65051cfe0789_10.jpg,5
65051cfe0789_14.jpg,7
65051cfe0789_16.jpg,7
66fea07e1152_01.jpg,1
66fea07e1152_02.jpg,1
66fea07e1152_03.jpg,1
66fea07e1152_08.jpg,3
66fea07e1152_11.jpg,5
66fea07e1152_13.jpg,7
6752de44b721_02.jpg,1
6752de44b721_03.jpg,1
6752de44b721_04.jpg,1
6752de44b721_05.jpg,3
6752de44b721_08.jpg,3
6752de44b721_14.jpg,7
6752de44b721_15.jpg,7
683ddec95b82_01.jpg,1
683ddec95b82_02.jpg,1
683ddec95b82_04.jpg,1
683ddec95b82_05.jpg,3
683ddec95b82_07.jpg,3
683ddec95b82_14.jpg,7
68fcee2be01f_07.jpg,3
68fcee2be01f_12.jpg,5
68fcee2be01f_13.jpg,7
695f39dfac16_03.jpg,1
695f39dfac16_04.jpg,1
695f39dfac16_05.jpg,3
695f39dfac16_08.jpg,3
695f39dfac16_10.jpg,5
695f39dfac16_11.jpg,5
69915dab0755_03.jpg,1
69915dab0755_04.jpg,1
69915dab0755_05.jpg,3
69915dab0755_12.jpg,5
69915dab0755_13.jpg,7
69915dab0755_14.jpg,7
69915dab0755_15.jpg,7
69915dab0755_16.jpg,7
69fba9e8f572_08.jpg,3
69fba9e8f572_10.jpg,5
6a951d3a3131_01.jpg,1
6a951d3a3131_03.jpg,1
6a951d3a3131_07.jpg,3
6a951d3a3131_09.jpg,5
6a951d3a3131_12.jpg,5
6ae670e86620_01.jpg,1
6ae670e86620_07.jpg,3
6ae670e86620_13.jpg,7
6ae670e86620_16.jpg,7
6ba36af67cb0_09.jpg,5
6ba36af67cb0_10.jpg,5
6ba36af67cb0_11.jpg,5
6ba36af67cb0_15.jpg,7
6bf969856536_02.jpg,1
6bfd601be25e_01.jpg,1
6bfd601be25e_05.jpg,3
6bfd601be25e_06.jpg,3
6bfd601be25e_09.jpg,5
6bfd601be25e_11.jpg,5
6bfd601be25e_12.jpg,5
6bfd601be25e_13.jpg,7
6bfd601be25e_14.jpg,7
6bfd601be25e_15.jpg,7
6bff9e10288e_01.jpg,1
6bff9e10288e_02.jpg,1
6bff9e10288e_05.jpg,3
6bff9e10288e_08.jpg,3
6bff9e10288e_09.jpg,5
6bff9e10288e_10.jpg,5
6bff9e10288e_12.jpg,5
6bff9e10288e_13.jpg,7
6c0cd487abcd_01.jpg,1
6c0cd487abcd_02.jpg,1
6c0cd487abcd_04.jpg,1
6c0cd487abcd_08.jpg,3
6c0cd487abcd_14.jpg,7
6c0cd487abcd_15.jpg,7
6c3470c34408_05.jpg,3
6c3470c34408_12.jpg,5
6c3470c34408_15.jpg,7
6cc98271f4dd_04.jpg,1
6cc98271f4dd_09.jpg,5
6cc98271f4dd_10.jpg,5
6cc98271f4dd_11.jpg,5
6cc98271f4dd_13.jpg,7
6cc98271f4dd_14.jpg,7
6cc98271f4dd_16.jpg,7
6d21aad248e4_04.jpg,1
6d21aad248e4_06.jpg,3
6d21aad248e4_10.jpg,5
6d21aad248e4_12.jpg,5
6d21aad248e4_16.jpg,7
6d375bc2ece1_05.jpg,3
6d375bc2ece1_07.jpg,3
6d375bc2ece1_12.jpg,5
6d77433cc7ce_09.jpg,5
6dc8783eca68_07.jpg,3
6dc8783eca68_10.jpg,5
6dc8783eca68_16.jpg,7
6e016b8b3617_02.jpg,1
6e016b8b3617_03.jpg,1
6e016b8b3617_04.jpg,1
6e016b8b3617_06.jpg,3
6e016b8b3617_08.jpg,3
6e016b8b3617_09.jpg,5
6e016b8b3617_11.jpg,5
6e016b8b3617_13.jpg,7
6e016b8b3617_16.jpg,7
6f6dced498c4_02.jpg,1
6f6dced498c4_03.jpg,1
6f6dced498c4_04.jpg,1
6f6dced498c4_14.jpg,7
6f6dced498c4_15.jpg,7
6f6dced498c4_16.jpg,7
70b6a79565fe_01.jpg,1
70b6a79565fe_02.jpg,1
70b6a79565fe_04.jpg,1
70b6a79565fe_05.jpg,3
70b6a79565fe_07.jpg,3
70b6a79565fe_15.jpg,7
717689f3e788_01.jpg,1
717689f3e788_04.jpg,1
717689f3e788_05.jpg,3
717689f3e788_06.jpg,3
717689f3e788_09.jpg,5
717689f3e788_10.jpg,5
717689f3e788_11.jpg,5
717689f3e788_13.jpg,7
7251c8797749_07.jpg,3
7251c8797749_10.jpg,5
7251c8797749_14.jpg,7
7251c8797749_16.jpg,7
768f299c36e1_01.jpg,1
768f299c36e1_03.jpg,1
768f299c36e1_05.jpg,3
768f299c36e1_13.jpg,7
768f299c36e1_14.jpg,7
781c5338fe02_01.jpg,1
781c5338fe02_05.jpg,3
781c5338fe02_08.jpg,3
781c5338fe02_09.jpg,5
781c5338fe02_12.jpg,5
781c5338fe02_14.jpg,7
784ca55262c2_07.jpg,3
784ca55262c2_08.jpg,3
784ca55262c2_09.jpg,5
784ca55262c2_12.jpg,5
78bfb9c780db_01.jpg,1
78bfb9c780db_08.jpg,3
78bfb9c780db_10.jpg,5
78bfb9c780db_11.jpg,5
78bfb9c780db_14.jpg,7
78f63d808555_04.jpg,1
78f63d808555_06.jpg,3
78f63d808555_10.jpg,5
78f63d808555_11.jpg,5
78f63d808555_12.jpg,5
78f63d808555_14.jpg,7
791c1a9775be_01.jpg,1
791c1a9775be_12.jpg,5
791c1a9775be_15.jpg,7
795d2ee07ce2_01.jpg,1
795d2ee07ce2_03.jpg,1
795d2ee07ce2_08.jpg,3
795d2ee07ce2_11.jpg,5
795d2ee07ce2_12.jpg,5
795d2ee07ce2_13.jpg,7
795d2ee07ce2_15.jpg,7
795d2ee07ce2_16.jpg,7
79a7691a90b1_01.jpg,1
79a7691a90b1_02.jpg,1
79a7691a90b1_06.jpg,3
79a7691a90b1_09.jpg,5
79a7691a90b1_13.jpg,7
79a7691a90b1_15.jpg,7
7ab9747cf6d7_01.jpg,1
7ab9747cf6d7_02.jpg,1
7ab9747cf6d7_09.jpg,5
7ab9747cf6d7_12.jpg,5
7ab9747cf6d7_13.jpg,7
7ab9747cf6d7_15.jpg,7
7abaa38c227f_01.jpg,1
7abaa38c227f_03.jpg,1
7abaa38c227f_04.jpg,1
7abaa38c227f_08.jpg,3
7abaa38c227f_10.jpg,5
7abaa38c227f_13.jpg,7
7abaa38c227f_14.jpg,7
7abaa38c227f_16.jpg,7
7ac210ba75a1_08.jpg,3
7ac210ba75a1_13.jpg,7
7ac210ba75a1_14.jpg,7
7bd1142155ae_01.jpg,1
7bd1142155ae_09.jpg,5
7bd1142155ae_10.jpg,5
7bd1142155ae_11.jpg,5
7bd1142155ae_15.jpg,7
7bd1142155ae_16.jpg,7
7fbc761387f3_02.jpg,1
7fbc761387f3_10.jpg,5
7fbc761387f3_12.jpg,5
82f72273d23e_04.jpg,1
82f72273d23e_07.jpg,3
82f72273d23e_09.jpg,5
82f72273d23e_10.jpg,5
82f72273d23e_12.jpg,5
82f72273d23e_14.jpg,7
82f72273d23e_16.jpg,7
843763f47895_01.jpg,1
843763f47895_02.jpg,1
843763f47895_06.jpg,3
843763f47895_15.jpg,7
858841907a4a_01.jpg,1
858841907a4a_08.jpg,3
858841907a4a_10.jpg,5
858841907a4a_11.jpg,5
858841907a4a_12.jpg,5
858841907a4a_16.jpg,7
85bc655a7523_01.jpg,1
85bc655a7523_11.jpg,5
85bc655a7523_15.jpg,7
85cba1a00135_01.jpg,1
85cba1a00135_02.jpg,1
85cba1a00135_07.jpg,3
85cba1a00135_12.jpg,5
8603668953a6_01.jpg,1
8603668953a6_02.jpg,1
8603668953a6_03.jpg,1
8603668953a6_07.jpg,3
8603668953a6_08.jpg,3
8603668953a6_09.jpg,5
8603668953a6_14.jpg,7
8603668953a6_15.jpg,7
86c10c8c6206_05.jpg,3
86c10c8c6206_07.jpg,3
86c10c8c6206_08.jpg,3
86c10c8c6206_11.jpg,5
86c10c8c6206_13.jpg,7
86c10c8c6206_14.jpg,7
86c10c8c6206_15.jpg,7
878738468f6b_11.jpg,5
878738468f6b_15.jpg,7
87e334269396_02.jpg,1
87e334269396_04.jpg,1
87e334269396_08.jpg,3
87e334269396_10.jpg,5
87e334269396_11.jpg,5
87e334269396_12.jpg,5
87e334269396_15.jpg,7
87e334269396_16.jpg,7
880ab8468df2_04.jpg,1
880ab8468df2_07.jpg,3
880ab8468df2_08.jpg,3
880ab8468df2_11.jpg,5
880ab8468df2_14.jpg,7
880ab8468df2_15.jpg,7
880fec285c06_01.jpg,1
880fec285c06_02.jpg,1
880fec285c06_05.jpg,3
880fec285c06_06.jpg,3
880fec285c06_09.jpg,5
880fec285c06_11.jpg,5
880fec285c06_14.jpg,7
880fec285c06_15.jpg,7
880fec285c06_16.jpg,7
888e04d96663_01.jpg,1
888e04d96663_04.jpg,1
888e04d96663_06.jpg,3
888e04d96663_11.jpg,5
888e04d96663_13.jpg,7
888e04d96663_14.jpg,7
888e04d96663_15.jpg,7
888e04d96663_16.jpg,7
88bc32b9e1d9_01.jpg,1
88bc32b9e1d9_02.jpg,1
88bc32b9e1d9_05.jpg,3
88bc32b9e1d9_06.jpg,3
88bc32b9e1d9_08.jpg,3
88bc32b9e1d9_12.jpg,5
898339fab87a_01.jpg,1
898339fab87a_08.jpg,3
898339fab87a_09.jpg,5
898339fab87a_12.jpg,5
898339fab87a_13.jpg,7
898339fab87a_14.jpg,7
898339fab87a_15.jpg,7
8b4b87ad7be6_02.jpg,1
8b4b87ad7be6_06.jpg,3
8b4b87ad7be6_07.jpg,3
8b4b87ad7be6_08.jpg,3
8b4b87ad7be6_14.jpg,7
8b88fb784951_06.jpg,3
8b88fb784951_12.jpg,5
8b88fb784951_13.jpg,7
8b88fb784951_14.jpg,7
8d1a6723c458_06.jpg,3
8d1a6723c458_07.jpg,3
8d1a6723c458_14.jpg,7
8d5423cb763c_04.jpg,1
8d5423cb763c_06.jpg,3
8d5423cb763c_15.jpg,7
8d78483ce302_02.jpg,1
8d78483ce302_06.jpg,3
8d78483ce302_08.jpg,3
8d78483ce302_09.jpg,5
8d78483ce302_10.jpg,5
8d78483ce302_12.jpg,5
90b65c521a8b_13.jpg,7
90fdd8932877_01.jpg,1
90fdd8932877_03.jpg,1
90fdd8932877_06.jpg,3
90fdd8932877_07.jpg,3
90fdd8932877_08.jpg,3
90fdd8932877_12.jpg,5
90fdd8932877_13.jpg,7
90fdd8932877_14.jpg,7
917f262f1608_02.jpg,1
917f262f1608_06.jpg,3
917f262f1608_08.jpg,3
917f262f1608_14.jpg,7
9274d0b3caa8_09.jpg,5
9274d0b3caa8_10.jpg,5
9274d0b3caa8_12.jpg,5
9274d0b3caa8_13.jpg,7
9274d0b3caa8_14.jpg,7
93881caf9f70_14.jpg,7
93881caf9f70_16.jpg,7
98ee0624de87_05.jpg,3
98ee0624de87_07.jpg,3
98ee0624de87_11.jpg,5
98ee0624de87_12.jpg,5
98ee0624de87_14.jpg,7
98ee0624de87_16.jpg,7
99639c826ea5_04.jpg,1
99639c826ea5_08.jpg,3
99639c826ea5_13.jpg,7
99639c826ea5_15.jpg,7
9a2bfb24ba6e_01.jpg,1
9a2bfb24ba6e_02.jpg,1
9a2bfb24ba6e_03.jpg,1
9a2bfb24ba6e_06.jpg,3
9a2bfb24ba6e_07.jpg,3
9a2bfb24ba6e_10.jpg,5
9a2bfb24ba6e_12.jpg,5
9a2bfb24ba6e_16.jpg,7
9ab2a45de8c7_02.jpg,1
9ab2a45de8c7_03.jpg,1
9ab2a45de8c7_05.jpg,3
9ab2a45de8c7_07.jpg,3
9ab2a45de8c7_08.jpg,3
9ab2a45de8c7_09.jpg,5
9ab2a45de8c7_10.jpg,5
9ab2a45de8c7_15.jpg,7
9c2e82c23803_01.jpg,1
9c2e82c23803_03.jpg,1
9c2e82c23803_04.jpg,1
9c2e82c23803_05.jpg,3
9c2e82c23803_09.jpg,5
9c2e82c23803_11.jpg,5
9c2e82c23803_13.jpg,7
9c2e82c23803_15.jpg,7
9cc257b449d0_04.jpg,1
9cc257b449d0_05.jpg,3
9cc257b449d0_06.jpg,3
9d8c465a0881_03.jpg,1
9d8c465a0881_08.jpg,3
9d8c465a0881_13.jpg,7
9d8c465a0881_16.jpg,7
9dfaeb835626_06.jpg,3
9dfaeb835626_10.jpg,5
9dfaeb835626_11.jpg,5
9dfaeb835626_13.jpg,7
a070dbb32d2b_01.jpg,1
a070dbb32d2b_08.jpg,3
a070dbb32d2b_13.jpg,7
a070dbb32d2b_16.jpg,7
a078586ccdee_01.jpg,1
a078586ccdee_05.jpg,3
a078586ccdee_06.jpg,3
a078586ccdee_07.jpg,3
a078586ccdee_09.jpg,5
a078586ccdee_10.jpg,5
a078586ccdee_11.jpg,5
a078586ccdee_12.jpg,5
a078586ccdee_14.jpg,7
a078586ccdee_15.jpg,7
a1038b207299_01.jpg,1
a1038b207299_03.jpg,1
a1038b207299_06.jpg,3
a1038b207299_08.jpg,3
a2df64508b97_01.jpg,1
a2df64508b97_04.jpg,1
a2df64508b97_08.jpg,3
a2df64508b97_13.jpg,7
a3e2e104d58a_01.jpg,1
a3e2e104d58a_04.jpg,1
a3e2e104d58a_07.jpg,3
a3e2e104d58a_08.jpg,3
a3e2e104d58a_11.jpg,5
a4551c5409e3_04.jpg,1
a4551c5409e3_06.jpg,3
a4551c5409e3_14.jpg,7
a4551c5409e3_15.jpg,7
a46baa0b3ac0_02.jpg,1
a46baa0b3ac0_05.jpg,3
a46baa0b3ac0_06.jpg,3
a46baa0b3ac0_07.jpg,3
a46baa0b3ac0_12.jpg,5
a46baa0b3ac0_13.jpg,7
a56f923399ca_01.jpg,1
a56f923399ca_04.jpg,1
a56f923399ca_08.jpg,3
a56f923399ca_09.jpg,5
a56f923399ca_14.jpg,7
a56f923399ca_16.jpg,7
a5fea424990e_01.jpg,1
a5fea424990e_05.jpg,3
a5fea424990e_08.jpg,3
a5fea424990e_10.jpg,5
a5fea424990e_11.jpg,5
a5fea424990e_16.jpg,7
a7b9e343cf6b_03.jpg,1
a7b9e343cf6b_05.jpg,3
a7b9e343cf6b_06.jpg,3
a7b9e343cf6b_08.jpg,3
a7b9e343cf6b_09.jpg,5
a7b9e343cf6b_10.jpg,5
a7b9e343cf6b_11.jpg,5
a7b9e343cf6b_15.jpg,7
a7c1ef8d9cc9_02.jpg,1
a7c1ef8d9cc9_03.jpg,1
a7c1ef8d9cc9_05.jpg,3
a7c1ef8d9cc9_10.jpg,5
a7c1ef8d9cc9_12.jpg,5
acb0fd30b83d_01.jpg,1
acb0fd30b83d_02.jpg,1
acb0fd30b83d_03.jpg,1
acb0fd30b83d_08.jpg,3
acb0fd30b83d_09.jpg,5
acb0fd30b83d_11.jpg,5
acb0fd30b83d_13.jpg,7
ad5a6a058944_03.jpg,1
ad5a6a058944_06.jpg,3
ad5a6a058944_07.jpg,3
ad5a6a058944_08.jpg,3
ae296a20fdd9_08.jpg,3
ae296a20fdd9_15.jpg,7
b1a27da4f01c_02.jpg,1
b1a27da4f01c_03.jpg,1
b1a27da4f01c_04.jpg,1
b1a27da4f01c_07.jpg,3
b1a27da4f01c_08.jpg,3
b1a27da4f01c_10.jpg,5
b1a27da4f01c_11.jpg,5
b1a27da4f01c_13.jpg,7
b24fd9084449_02.jpg,1
b24fd9084449_04.jpg,1
b24fd9084449_05.jpg,3
b24fd9084449_06.jpg,3
b24fd9084449_07.jpg,3
b24fd9084449_09.jpg,5
b24fd9084449_13.jpg,7
b24fd9084449_16.jpg,7
b38c4e132183_04.jpg,1
b38c4e132183_15.jpg,7
b38c4e132183_16.jpg,7
b44091aa62e4_04.jpg,1
b44091aa62e4_06.jpg,3
b44091aa62e4_07.jpg,3
b44091aa62e4_11.jpg,5
b44091aa62e4_12.jpg,5
b44091aa62e4_15.jpg,7
b58cc561e560_05.jpg,3
b58cc561e560_11.jpg,5
b58cc561e560_16.jpg,7
b63a6f7952d4_02.jpg,1
b63a6f7952d4_04.jpg,1
b63a6f7952d4_05.jpg,3
b63a6f7952d4_06.jpg,3
b63a6f7952d4_08.jpg,3
b63a6f7952d4_11.jpg,5
b63a6f7952d4_13.jpg,7
b98c63cd6102_06.jpg,3
b98c63cd6102_12.jpg,5
b98c63cd6102_15.jpg,7
b98c63cd6102_16.jpg,7
ba7e7421003b_02.jpg,1
ba7e7421003b_06.jpg,3
ba7e7421003b_07.jpg,3
bad53871c7d9_02.jpg,1
bad53871c7d9_05.jpg,3
bad53871c7d9_06.jpg,3
bad53871c7d9_09.jpg,5
bad53871c7d9_12.jpg,5
bad53871c7d9_14.jpg,7
bad53871c7d9_15.jpg,7
bad53871c7d9_16.jpg,7
bb2f95262773_05.jpg,3
bb2f95262773_09.jpg,5
bb7625a3f1d4_01.jpg,1
bb7625a3f1d4_02.jpg,1
bb7625a3f1d4_06.jpg,3
bb7625a3f1d4_07.jpg,3
bb7625a3f1d4_11.jpg,5
bb7625a3f1d4_12.jpg,5
bb7625a3f1d4_13.jpg,7
bb7625a3f1d4_14.jpg,7
bb7625a3f1d4_16.jpg,7
bd8d5780ed04_06.jpg,3
bd8d5780ed04_09.jpg,5
bd8d5780ed04_10.jpg,5
bd8d5780ed04_15.jpg,7
bd8d5780ed04_16.jpg,7
be86e79f1225_01.jpg,1
be86e79f1225_08.jpg,3
be86e79f1225_11.jpg,5
be86e79f1225_15.jpg,7
bec93f7ddb19_08.jpg,3
bf92e198d9b6_04.jpg,1
bf92e198d9b6_14.jpg,7
bf92e198d9b6_15.jpg,7
bf9932f7aca8_02.jpg,1
bf9932f7aca8_04.jpg,1
bf9932f7aca8_05.jpg,3
bf9932f7aca8_08.jpg,3
bf9932f7aca8_11.jpg,5
bf9932f7aca8_12.jpg,5
bf9932f7aca8_15.jpg,7
bf9a32258ef4_02.jpg,1
bf9a32258ef4_06.jpg,3
bf9a32258ef4_07.jpg,3
bf9a32258ef4_09.jpg,5
bf9a32258ef4_11.jpg,5
bf9a32258ef4_14.jpg,7
bf9a32258ef4_15.jpg,7
c24b8293eceb_03.jpg,1
c24b8293eceb_07.jpg,3
c24b8293eceb_08.jpg,3
c24b8293eceb_09.jpg,5
c24b8293eceb_12.jpg,5
c2fd64144e97_01.jpg,1
c2fd64144e97_02.jpg,1
c2fd64144e97_04.jpg,1
c2fd64144e97_12.jpg,5
c2fd64144e97_14.jpg,7
c353e364e931_01.jpg,1
c353e364e931_05.jpg,3
c353e364e931_06.jpg,3
c353e364e931_07.jpg,3
c353e364e931_10.jpg,5
c353e364e931_11.jpg,5
c353e364e931_12.jpg,5
c353e364e931_16.jpg,7
c3614abc7405_04.jpg,1
c3614abc7405_05.jpg,3
c3614abc7405_12.jpg,5
c3614abc7405_15.jpg,7
c3dafdb02e7f_01.jpg,1
c3dafdb02e7f_02.jpg,1
c3dafdb02e7f_03.jpg,1
c3dafdb02e7f_04.jpg,1
c3dafdb02e7f_05.jpg,3
c3dafdb02e7f_08.jpg,3
c3dafdb02e7f_09.jpg,5
c3dafdb02e7f_15.jpg,7
c4ac16c0dd59_04.jpg,1
c4ac16c0dd59_05.jpg,3
c4ac16c0dd59_07.jpg,3
c4ac16c0dd59_08.jpg,3
c4ac16c0dd59_13.jpg,7
c4ac16c0dd59_14.jpg,7
c4f1840b2a65_07.jpg,3
c4f1840b2a65_08.jpg,3
c4f1840b2a65_09.jpg,5
c4f1840b2a65_10.jpg,5
c502287be9f6_01.jpg,1
c502287be9f6_09.jpg,5
c502287be9f6_10.jpg,5
c502287be9f6_12.jpg,5
c502287be9f6_15.jpg,7
c502287be9f6_16.jpg,7
c52b272a5329_01.jpg,1
c52b272a5329_02.jpg,1
c52b272a5329_03.jpg,1
c52b272a5329_04.jpg,1
c52b272a5329_05.jpg,3
c52b272a5329_07.jpg,3
c52b272a5329_10.jpg,5
c52b272a5329_12.jpg,5
c52b272a5329_16.jpg,7
c53e374fdd72_01.jpg,1
c53e374fdd72_05.jpg,3
c53e374fdd72_07.jpg,3
c53e374fdd72_08.jpg,3
c53e374fdd72_10.jpg,5
c53e374fdd72_13.jpg,7
c53e374fdd72_14.jpg,7
c6f50d44f141_01.jpg,1
c6f50d44f141_04.jpg,1
c6f50d44f141_05.jpg,3
c6f50d44f141_06.jpg,3
c7145a80089e_06.jpg,3
c7145a80089e_08.jpg,3
c7145a80089e_09.jpg,5
c7145a80089e_10.jpg,5
c7a94c46a3b2_03.jpg,1
c7a94c46a3b2_06.jpg,3
c7a94c46a3b2_07.jpg,3
c7a94c46a3b2_09.jpg,5
c7a94c46a3b2_10.jpg,5
c7a94c46a3b2_11.jpg,5
c7a94c46a3b2_13.jpg,7
c87688f6960e_04.jpg,1
c87688f6960e_06.jpg,3
c8d52e0ba341_06.jpg,3
c9acf5847ef1_02.jpg,1
c9acf5847ef1_03.jpg,1
c9acf5847ef1_08.jpg,3
c9acf5847ef1_09.jpg,5
c9acf5847ef1_11.jpg,5
c9acf5847ef1_12.jpg,5
c9acf5847ef1_13.jpg,7
c9acf5847ef1_15.jpg,7
c9acf5847ef1_16.jpg,7
c9f382c7349e_07.jpg,3
c9f382c7349e_11.jpg,5
cafee4122080_02.jpg,1
cafee4122080_03.jpg,1
cafee4122080_05.jpg,3
cafee4122080_06.jpg,3
cafee4122080_07.jpg,3
cafee4122080_10.jpg,5
cafee4122080_13.jpg,7
cafee4122080_14.jpg,7
cafee4122080_16.jpg,7
cd2e588ef1c5_08.jpg,3
cd2e588ef1c5_09.jpg,5
cd2e588ef1c5_10.jpg,5
cd2e588ef1c5_11.jpg,5
cd2e588ef1c5_15.jpg,7
ce74dfdf123b_01.jpg,1
ce74dfdf123b_02.jpg,1
ce74dfdf123b_04.jpg,1
ce74dfdf123b_05.jpg,3
ce74dfdf123b_06.jpg,3
ce74dfdf123b_10.jpg,5
ce74dfdf123b_11.jpg,5
cf5add31c130_01.jpg,1
cf5add31c130_02.jpg,1
cf5add31c130_04.jpg,1
cf5add31c130_07.jpg,3
cf5add31c130_08.jpg,3
cf5add31c130_12.jpg,5
cf65b1c5e147_01.jpg,1
cf65b1c5e147_02.jpg,1
cf65b1c5e147_03.jpg,1
cf65b1c5e147_04.jpg,1
cf65b1c5e147_09.jpg,5
cf65b1c5e147_11.jpg,5
cf89c3220bc4_03.jpg,1
cf89c3220bc4_04.jpg,1
cf89c3220bc4_05.jpg,3
cf89c3220bc4_08.jpg,3
cf89c3220bc4_16.jpg,7
d0392fd5feb6_01.jpg,1
d0392fd5feb6_06.jpg,3
d0392fd5feb6_08.jpg,3
d0392fd5feb6_09.jpg,5
d0392fd5feb6_11.jpg,5
d0392fd5feb6_15.jpg,7
d0dab700c896_04.jpg,1
d0dab700c896_08.jpg,3
d0dab700c896_10.jpg,5
d0dab700c896_15.jpg,7
d0dab700c896_16.jpg,7
d1a3af34e674_03.jpg,1
d1a3af34e674_04.jpg,1
d1a3af34e674_10.jpg,5
d1a3af34e674_11.jpg,5
d22e6a2ca6df_05.jpg,3
d22e6a2ca6df_08.jpg,3
d22e6a2ca6df_10.jpg,5
d22e6a2ca6df_16.jpg,7
d326cb5c3d12_03.jpg,1
d326cb5c3d12_05.jpg,3
d326cb5c3d12_07.jpg,3
d326cb5c3d12_08.jpg,3
d326cb5c3d12_10.jpg,5
d326cb5c3d12_13.jpg,7
d326cb5c3d12_15.jpg,7
d326cb5c3d12_16.jpg,7
d3d0d2662918_02.jpg,1
d3d0d2662918_05.jpg,3
d3d0d2662918_08.jpg,3
d3d0d2662918_14.jpg,7
d46244bc42ed_01.jpg,1
d46244bc42ed_03.jpg,1
d46244bc42ed_04.jpg,1
d46244bc42ed_05.jpg,3
d46244bc42ed_07.jpg,3
d46244bc42ed_15.jpg,7
d61b6bfeabb2_08.jpg,3
d61b6bfeabb2_10.jpg,5
d61b6bfeabb2_15.jpg,7
d8216041ffa9_01.jpg,1
d8216041ffa9_02.jpg,1
d8216041ffa9_04.jpg,1
d8216041ffa9_06.jpg,3
d8216041ffa9_09.jpg,5
d8216041ffa9_10.jpg,5
d8216041ffa9_12.jpg,5
d8216041ffa9_13.jpg,7
d8216041ffa9_16.jpg,7
d8e1c401ac3c_02.jpg,1
d8e1c401ac3c_05.jpg,3
d8e1c401ac3c_08.jpg,3
d8e1c401ac3c_09.jpg,5
d8e1c401ac3c_14.jpg,7
d8e1c401ac3c_16.jpg,7
d8f11603ef08_01.jpg,1
d8f11603ef08_02.jpg,1
d8f11603ef08_03.jpg,1
d8f11603ef08_04.jpg,1
d8f11603ef08_05.jpg,3
d8f11603ef08_07.jpg,3
d8f11603ef08_15.jpg,7
d8f11603ef08_16.jpg,7
d9b2ded58b72_01.jpg,1
d9b2ded58b72_04.jpg,1
d9b2ded58b72_06.jpg,3
d9b2ded58b72_08.jpg,3
d9b2ded58b72_09.jpg,5
d9b2ded58b72_15.jpg,7
db09fec614d2_02.jpg,1
db09fec614d2_04.jpg,1
db09fec614d2_05.jpg,3
db09fec614d2_06.jpg,3
db09fec614d2_07.jpg,3
db09fec614d2_11.jpg,5
dc1c5c2b9e49_02.jpg,1
dc1c5c2b9e49_04.jpg,1
dc1c5c2b9e49_05.jpg,3
dc1c5c2b9e49_08.jpg,3
dc1c5c2b9e49_09.jpg,5
dc1c5c2b9e49_10.jpg,5
dc1c5c2b9e49_13.jpg,7
dc1c5c2b9e49_14.jpg,7
dc995bf5296a_06.jpg,3
dc995bf5296a_07.jpg,3
dc995bf5296a_08.jpg,3
dc995bf5296a_11.jpg,5
dc995bf5296a_16.jpg,7
dd47eb7ac4ee_04.jpg,1
dd47eb7ac4ee_05.jpg,3
dd47eb7ac4ee_07.jpg,3
dd47eb7ac4ee_08.jpg,3
dd47eb7ac4ee_15.jpg,7
dd47eb7ac4ee_16.jpg,7
dd70a0a51e3b_01.jpg,1
dd70a0a51e3b_02.jpg,1
dd70a0a51e3b_07.jpg,3
dd70a0a51e3b_14.jpg,7
dd70a0a51e3b_15.jpg,7
dd70a0a51e3b_16.jpg,7
ddb513df9406_02.jpg,1
ddb513df9406_04.jpg,1
ddb513df9406_06.jpg,3
ddb513df9406_07.jpg,3
ddb513df9406_12.jpg,5
ddb513df9406_14.jpg,7
de3ca5ec1e59_01.jpg,1
de3ca5ec1e59_02.jpg,1
de3ca5ec1e59_06.jpg,3
de3ca5ec1e59_11.jpg,5
de3ca5ec1e59_15.jpg,7
de74550a306a_01.jpg,1
de74550a306a_10.jpg,5
de74550a306a_11.jpg,5
de74550a306a_13.jpg,7
de74550a306a_16.jpg,7
df642435a951_02.jpg,1
df642435a951_03.jpg,1
df642435a951_05.jpg,3
df642435a951_11.jpg,5
e05b96cc2b0d_02.jpg,1
e05b96cc2b0d_05.jpg,3
e05b96cc2b0d_07.jpg,3
e05b96cc2b0d_10.jpg,5
e05b96cc2b0d_14.jpg,7
e05b96cc2b0d_15.jpg,7
e114fcbb9723_01.jpg,1
e114fcbb9723_02.jpg,1
e114fcbb9723_05.jpg,3
e114fcbb9723_07.jpg,3
e114fcbb9723_11.jpg,5
e114fcbb9723_16.jpg,7
e1d2c25f3510_03.jpg,1
e1d2c25f3510_08.jpg,3
e1d2c25f3510_10.jpg,5
e1d2c25f3510_12.jpg,5
e1d2c25f3510_13.jpg,7
e2230d0ceb02_01.jpg,1
e2230d0ceb02_05.jpg,3
e2230d0ceb02_06.jpg,3
e2230d0ceb02_07.jpg,3
e2230d0ceb02_13.jpg,7
e597d76a0c33_04.jpg,1
e597d76a0c33_05.jpg,3
e597d76a0c33_06.jpg,3
e597d76a0c33_07.jpg,3
e597d76a0c33_10.jpg,5
e597d76a0c33_12.jpg,5
e597d76a0c33_15.jpg,7
e597d76a0c33_16.jpg,7
e5fc2c1c4a8b_04.jpg,1
e5fc2c1c4a8b_10.jpg,5
e5fc2c1c4a8b_11.jpg,5
e5fc2c1c4a8b_12.jpg,5
e5fc2c1c4a8b_16.jpg,7
e6892bf10d31_02.jpg,1
e6892bf10d31_04.jpg,1
e6892bf10d31_05.jpg,3
e6892bf10d31_06.jpg,3
e6892bf10d31_07.jpg,3
e6892bf10d31_09.jpg,5
e6892bf10d31_12.jpg,5
e6892bf10d31_14.jpg,7
e8f607100c1f_01.jpg,1
e8f607100c1f_02.jpg,1
e8f607100c1f_03.jpg,1
e8f607100c1f_04.jpg,1
e8f607100c1f_05.jpg,3
e8f607100c1f_07.jpg,3
e8f607100c1f_08.jpg,3
e8f607100c1f_11.jpg,5
e8f607100c1f_15.jpg,7
eaf9eb0b2293_02.jpg,1
eaf9eb0b2293_04.jpg,1
eaf9eb0b2293_12.jpg,5
eb07e3f63ad2_05.jpg,3
eb07e3f63ad2_08.jpg,3
eb07e3f63ad2_15.jpg,7
eb91b1c659a0_05.jpg,3
eb91b1c659a0_09.jpg,5
eb91b1c659a0_10.jpg,5
eb91b1c659a0_13.jpg,7
eb91b1c659a0_14.jpg,7
eb91b1c659a0_15.jpg,7
ebfdf6ec7ede_06.jpg,3
ebfdf6ec7ede_11.jpg,5
ebfdf6ec7ede_12.jpg,5
ebfdf6ec7ede_15.jpg,7
ebfdf6ec7ede_16.jpg,7
ed13cbcdd5d8_04.jpg,1
ed13cbcdd5d8_09.jpg,5
ed8472086df8_02.jpg,1
ed8472086df8_07.jpg,3
ed8472086df8_09.jpg,5
ed8472086df8_12.jpg,5
ed8472086df8_13.jpg,7
ed8472086df8_14.jpg,7
ed8472086df8_16.jpg,7
eeb7eeca738e_07.jpg,3
eeb7eeca738e_10.jpg,5
eeb7eeca738e_12.jpg,5
eeb7eeca738e_15.jpg,7
eeb7eeca738e_16.jpg,7
eefc0d8c94f0_05.jpg,3
eefc0d8c94f0_06.jpg,3
eefc0d8c94f0_09.jpg,5
eefc0d8c94f0_10.jpg,5
eefc0d8c94f0_12.jpg,5
eefc0d8c94f0_13.jpg,7
ef5567efd904_01.jpg,1
ef5567efd904_05.jpg,3
ef5567efd904_10.jpg,5
ef5567efd904_11.jpg,5
ef5567efd904_12.jpg,5
ef5567efd904_14.jpg,7
ef5567efd904_15.jpg,7
ef5567efd904_16.jpg,7
efaef69e148d_02.jpg,1
efaef69e148d_11.jpg,5
efaef69e148d_12.jpg,5
efaef69e148d_16.jpg,7
f00905abd3d7_02.jpg,1
f00905abd3d7_04.jpg,1
f00905abd3d7_07.jpg,3
f00905abd3d7_13.jpg,7
f1eb080c7182_02.jpg,1
f1eb080c7182_04.jpg,1
f1eb080c7182_05.jpg,3
f1eb080c7182_06.jpg,3
f1eb080c7182_09.jpg,5
f1eb080c7182_10.jpg,5
f1eb080c7182_12.jpg,5
f1eb080c7182_16.jpg,7
f3b482e091c0_04.jpg,1
f3b482e091c0_12.jpg,5
f3b482e091c0_13.jpg,7
f3b482e091c0_14.jpg,7
f3b482e091c0_15.jpg,7
f3eee6348205_03.jpg,1
f3eee6348205_14.jpg,7
f3eee6348205_15.jpg,7
f4cd1286d5f4_02.jpg,1
f4cd1286d5f4_07.jpg,3
f4cd1286d5f4_09.jpg,5
f4cd1286d5f4_13.jpg,7
f591b4f2e006_02.jpg,1
f591b4f2e006_05.jpg,3
f591b4f2e006_08.jpg,3
f591b4f2e006_10.jpg,5
f70052627830_01.jpg,1
f70052627830_02.jpg,1
f70052627830_07.jpg,3
f70052627830_10.jpg,5
f70052627830_11.jpg,5
f707d6fbc0cd_02.jpg,1
f707d6fbc0cd_03.jpg,1
f707d6fbc0cd_07.jpg,3
f707d6fbc0cd_10.jpg,5
f707d6fbc0cd_12.jpg,5
f7ad86e13ed7_02.jpg,1
f7ad86e13ed7_03.jpg,1
f7ad86e13ed7_06.jpg,3
f7ad86e13ed7_07.jpg,3
f7ad86e13ed7_13.jpg,7
f8b6f4c39204_01.jpg,1
f8b6f4c39204_02.jpg,1
f8b6f4c39204_06.jpg,3
f8b6f4c39204_10.jpg,5
f98dbe8a5ee2_03.jpg,1
f98dbe8a5ee2_05.jpg,3
f98dbe8a5ee2_08.jpg,3
fa006be8b6d9_01.jpg,1
fa006be8b6d9_04.jpg,1
fa006be8b6d9_05.jpg,3
fa006be8b6d9_10.jpg,5
fa006be8b6d9_12.jpg,5
fa006be8b6d9_13.jpg,7
fa006be8b6d9_16.jpg,7
fa613ac8eac5_01.jpg,1
fa613ac8eac5_02.jpg,1
fa613ac8eac5_03.jpg,1
fa613ac8eac5_11.jpg,5
fb1b923dd978_04.jpg,1
fb1b923dd978_06.jpg,3
fb1b923dd978_10.jpg,5
fb1b923dd978_13.jpg,7
fc237174b128_01.jpg,1
fc237174b128_03.jpg,1
fc237174b128_04.jpg,1
fc237174b128_06.jpg,3
fc237174b128_15.jpg,7
fc237174b128_16.jpg,7
fc5f1a3a66cf_01.jpg,1
fc5f1a3a66cf_02.jpg,1
fc5f1a3a66cf_04.jpg,1
fc5f1a3a66cf_06.jpg,3
fc5f1a3a66cf_10.jpg,5
fc5f1a3a66cf_11.jpg,5
fc5f1a3a66cf_12.jpg,5
fc5f1a3a66cf_14.jpg,7
fc5f1a3a66cf_16.jpg,7
fce0ba5b8ed7_01.jpg,1
fce0ba5b8ed7_02.jpg,1
fce0ba5b8ed7_03.jpg,1
fce0ba5b8ed7_07.jpg,3
fce0ba5b8ed7_09.jpg,5
fce0ba5b8ed7_11.jpg,5
fce0ba5b8ed7_13.jpg,7
fce0ba5b8ed7_15.jpg,7
fce0ba5b8ed7_16.jpg,7
fd9da5d0bb6f_02.jpg,1
fd9da5d0bb6f_04.jpg,1
fd9da5d0bb6f_07.jpg,3
fd9da5d0bb6f_09.jpg,5
fd9da5d0bb6f_12.jpg,5
fd9da5d0bb6f_16.jpg,7
fdc2c87853ce_01.jpg,1
fdc2c87853ce_02.jpg,1
fdc2c87853ce_03.jpg,1
fdc2c87853ce_06.jpg,3
fdc2c87853ce_07.jpg,3
fdc2c87853ce_09.jpg,5
fdc2c87853ce_10.jpg,5
fdc2c87853ce_11.jpg,5
fdc2c87853ce_15.jpg,7
feaf59172a01_01.jpg,1
feaf59172a01_05.jpg,3
feaf59172a01_08.jpg,3
feaf59172a01_10.jpg,5
fecea3036c59_05.jpg,3
fecea3036c59_08.jpg,3
fecea3036c59_10.jpg,5
fecea3036c59_11.jpg,5
fecea3036c59_13.jpg,7
fff9b3a5373f_09.jpg,5
fff9b3a5373f_12.jpg,5
fff9b3a5373f_14.jpg,7
fff9b3a5373f_15.jpg,7
