00087a6bd4dc_01.jpg,1
00087a6bd4dc_05.jpg,3
00087a6bd4dc_07.jpg,3
00087a6bd4dc_08.jpg,3
00087a6bd4dc_16.jpg,7
02159e548029_02.jpg,1
02159e548029_04.jpg,1
02159e548029_11.jpg,5
02159e548029_15.jpg,7
03a857ce842d_02.jpg,1
03a857ce842d_03.jpg,1
03a857ce842d_04.jpg,1
03a857ce842d_07.jpg,3
03a857ce842d_08.jpg,3
03a857ce842d_10.jpg,5
03a857ce842d_12.jpg,5
03a857ce842d_15.jpg,7
03a857ce842d_16.jpg,7
0495dcf27283_01.jpg,1
0495dcf27283_02.jpg,1
04bd942b463b_08.jpg,3
04bd942b463b_12.jpg,5
04bd942b463b_14.jpg,7
04bd942b463b_15.jpg,7
0789bed99cb8_01.jpg,1
0789bed99cb8_04.jpg,1
0789bed99cb8_06.jpg,3
0789bed99cb8_09.jpg,5
0789bed99cb8_11.jpg,5
0789bed99cb8_14.jpg,7
0789bed99cb8_15.jpg,7
0795e132d090_04.jpg,1
0795e132d090_09.jpg,5
0795e132d090_10.jpg,5
0795e132d090_13.jpg,7
0795e132d090_16.jpg,7
08a646be6b30_03.jpg,1
08a646be6b30_11.jpg,5
08a646be6b30_12.jpg,5
08a646be6b30_14.jpg,7
0cdf5b5d0ce1_01.jpg,1
0cdf5b5d0ce1_08.jpg,3
0cdf5b5d0ce1_10.jpg,5
0cdf5b5d0ce1_15.jpg,7
0ce66b539f52_08.jpg,3
0ce66b539f52_10.jpg,5
0d1a9caf4350_02.jpg,1
0d1a9caf4350_03.jpg,1
0d1a9caf4350_07.jpg,3
0d1a9caf4350_08.jpg,3
0d1a9caf4350_15.jpg,7
0d3adbbc9a8b_03.jpg,1
0d3adbbc9a8b_05.jpg,3
0d3adbbc9a8b_09.jpg,5
0d3adbbc9a8b_12.jpg,5
0d3adbbc9a8b_15.jpg,7
0d53224da2b7_04.jpg,1
0d53224da2b7_08.jpg,3
0d53224da2b7_10.jpg,5
0d53224da2b7_14.jpg,7
0d53224da2b7_15.jpg,7
0d53224da2b7_16.jpg,7
0de66245f268_04.jpg,1
0de66245f268_07.jpg,3
0de66245f268_08.jpg,3
0de66245f268_10.jpg,5
0de66245f268_12.jpg,5
0ed6904e1004_01.jpg,1
0ed6904e1004_02.jpg,1
0ed6904e1004_05.jpg,3
0ed6904e1004_06.jpg,3
0ed6904e1004_07.jpg,3
0ed6904e1004_10.jpg,5
0ed6904e1004_13.jpg,7
0ed6904e1004_14.jpg,7
0ee135a3cccc_01.jpg,1
0ee135a3cccc_07.jpg,3
0ee135a3cccc_11.jpg,5
0ee135a3cccc_12.jpg,5
0eeaf1ff136d_03.jpg,1
0eeaf1ff136d_05.jpg,3
0eeaf1ff136d_07.jpg,3
0eeaf1ff136d_08.jpg,3
0eeaf1ff136d_10.jpg,5
0eeaf1ff136d_12.jpg,5
0eeaf1ff136d_13.jpg,7
0eeaf1ff136d_15.jpg,7
0eeaf1ff136d_16.jpg,7
11acc40dc0ea_01.jpg,1
11acc40dc0ea_02.jpg,1
11acc40dc0ea_03.jpg,1
11acc40dc0ea_09.jpg,5
11acc40dc0ea_11.jpg,5
11acc40dc0ea_14.jpg,7
11acc40dc0ea_16.jpg,7
11f3dc041cfb_02.jpg,1
11f3dc041cfb_05.jpg,3
11f3dc041cfb_10.jpg,5
11fcda0a9e1c_04.jpg,1
11fcda0a9e1c_09.jpg,5
11fcda0a9e1c_11.jpg,5
11fcda0a9e1c_12.jpg,5
11fcda0a9e1c_15.jpg,7
120c1dc7b116_01.jpg,1
120c1dc7b116_02.jpg,1
120c1dc7b116_05.jpg,3
120c1dc7b116_14.jpg,7
120c1dc7b116_16.jpg,7
1258cf954183_05.jpg,3
1258cf954183_07.jpg,3
1258cf954183_13.jpg,7
1258cf954183_16.jpg,7
125cadcb9feb_01.jpg,1
125cadcb9feb_02.jpg,1
125cadcb9feb_05.jpg,3
125cadcb9feb_07.jpg,3
125cadcb9feb_12.jpg,5
125cadcb9feb_15.jpg,7
1390696b70b6_01.jpg,1
1390696b70b6_02.jpg,1
1390696b70b6_05.jpg,3
1390696b70b6_08.jpg,3
1390696b70b6_12.jpg,5
1390696b70b6_13.jpg,7
1390696b70b6_16.jpg,7
13cad6eeabe8_03.jpg,1
13cad6eeabe8_11.jpg,5
13cad6eeabe8_14.jpg,7
13cad6eeabe8_16.jpg,7
151c7f2d4183_04.jpg,1
151c7f2d4183_07.jpg,3
151c7f2d4183_16.jpg,7
154ee2b6d27a_05.jpg,3
154ee2b6d27a_07.jpg,3
154ee2b6d27a_13.jpg,7
169f5f6d8c9d_11.jpg,5
169f5f6d8c9d_13.jpg,7
169f5f6d8c9d_14.jpg,7
16f0ec26d608_06.jpg,3
16f0ec26d608_11.jpg,5
16f0ec26d608_13.jpg,7
189a2a32a615_04.jpg,1
189a2a32a615_06.jpg,3
189a2a32a615_07.jpg,3
189a2a32a615_14.jpg,7
1952e5f91de0_13.jpg,7
1a17a1bd648b_02.jpg,1
1a17a1bd648b_03.jpg,1
1a17a1bd648b_04.jpg,1
1a17a1bd648b_08.jpg,3
1a17a1bd648b_12.jpg,5
1aba91a601c6_08.jpg,3
1aba91a601c6_13.jpg,7
1adaeb44f109_06.jpg,3
1adaeb44f109_08.jpg,3
1adaeb44f109_11.jpg,5
1adaeb44f109_12.jpg,5
1adaeb44f109_16.jpg,7
1ae8a68a40e4_03.jpg,1
1ae8a68a40e4_04.jpg,1
1ae8a68a40e4_05.jpg,3
1ae8a68a40e4_06.jpg,3
1ae8a68a40e4_12.jpg,5
1b25ea8ba94d_02.jpg,1
1b25ea8ba94d_05.jpg,3
1b25ea8ba94d_08.jpg,3
1b25ea8ba94d_11.jpg,5
1b25ea8ba94d_12.jpg,5
1b25ea8ba94d_13.jpg,7
1ba84b81628e_06.jpg,3
1ba84b81628e_08.jpg,3
1ba84b81628e_10.jpg,5
1ba84b81628e_11.jpg,5
1ba84b81628e_12.jpg,5
1ba84b81628e_16.jpg,7
1c5748340af8_01.jpg,1
1c5748340af8_14.jpg,7
1c5748340af8_16.jpg,7
1e6f48393e17_04.jpg,1
1e6f48393e17_05.jpg,3
1e6f48393e17_06.jpg,3
1e6f48393e17_07.jpg,3
1e6f48393e17_11.jpg,5
1e6f48393e17_13.jpg,7
1e89e1af42e7_03.jpg,1
1e89e1af42e7_05.jpg,3
1e89e1af42e7_06.jpg,3
1e89e1af42e7_09.jpg,5
1e89e1af42e7_12.jpg,5
21a7e6726ee3_03.jpg,1
21a7e6726ee3_09.jpg,5
21a7e6726ee3_14.jpg,7
2267f4aa0d2c_03.jpg,1
2267f4aa0d2c_05.jpg,3
2267f4aa0d2c_06.jpg,3
2267f4aa0d2c_08.jpg,3
2267f4aa0d2c_11.jpg,5
2267f4aa0d2c_12.jpg,5
2267f4aa0d2c_14.jpg,7
2335eef27de6_01.jpg,1
2335eef27de6_02.jpg,1
2335eef27de6_04.jpg,1
23c088f6ec27_01.jpg,1
23c088f6ec27_09.jpg,5
23c088f6ec27_16.jpg,7
245f9c9eab8a_01.jpg,1
245f9c9eab8a_04.jpg,1
245f9c9eab8a_05.jpg,3
245f9c9eab8a_06.jpg,3
245f9c9eab8a_07.jpg,3
245f9c9eab8a_08.jpg,3
245f9c9eab8a_10.jpg,5
245f9c9eab8a_12.jpg,5
245f9c9eab8a_14.jpg,7
26ccab021981_01.jpg,1
26ccab021981_04.jpg,1
26ccab021981_08.jpg,3
26ccab021981_09.jpg,5
26ccab021981_11.jpg,5
26ccab021981_12.jpg,5
28109f18d9d4_07.jpg,3
28109f18d9d4_11.jpg,5
28109f18d9d4_12.jpg,5
28d7fb5ba432_10.jpg,5
28d7fb5ba432_11.jpg,5
28d7fb5ba432_14.jpg,7
28d9a149cb02_01.jpg,1
28d9a149cb02_02.jpg,1
28d9a149cb02_09.jpg,5
292f59c6a347_01.jpg,1
292f59c6a347_02.jpg,1
292f59c6a347_06.jpg,3
292f59c6a347_09.jpg,5
292f59c6a347_11.jpg,5
292f59c6a347_12.jpg,5
292f59c6a347_13.jpg,7
293a0fa72e5b_02.jpg,1
293a0fa72e5b_05.jpg,3
293a0fa72e5b_10.jpg,5
293a0fa72e5b_11.jpg,5
293a0fa72e5b_16.jpg,7
2990f858e939_05.jpg,3
2990f858e939_06.jpg,3
2990f858e939_11.jpg,5
2990f858e939_13.jpg,7
2990f858e939_15.jpg,7
2a4a8964ebf3_01.jpg,1
2a4a8964ebf3_02.jpg,1
2a4a8964ebf3_04.jpg,1
2a4a8964ebf3_07.jpg,3
2a4a8964ebf3_10.jpg,5
2a4a8964ebf3_11.jpg,5
2a4a8964ebf3_14.jpg,7
2af7c265531e_01.jpg,1
2af7c265531e_02.jpg,1
2af7c265531e_04.jpg,1
2af7c265531e_07.jpg,3
2af7c265531e_08.jpg,3
2af7c265531e_10.jpg,5
2af7c265531e_11.jpg,5
2af7c265531e_16.jpg,7
2c57132da7a0_08.jpg,3
2c57132da7a0_10.jpg,5
2c57132da7a0_12.jpg,5
2cb06c1f5bb1_03.jpg,1
2cb06c1f5bb1_05.jpg,3
2cb06c1f5bb1_07.jpg,3
2cb06c1f5bb1_09.jpg,5
2cb06c1f5bb1_12.jpg,5
2cb06c1f5bb1_15.jpg,7
2cb91c2543fa_03.jpg,1
2cb91c2543fa_05.jpg,3
2cb91c2543fa_08.jpg,3
2cb91c2543fa_09.jpg,5
2cb91c2543fa_13.jpg,7
2cb91c2543fa_14.jpg,7
2cb91c2543fa_16.jpg,7
2ea62c1beee7_01.jpg,1
2ea62c1beee7_03.jpg,1
2ea62c1beee7_08.jpg,3
2ea62c1beee7_09.jpg,5
2ea62c1beee7_10.jpg,5
2ea62c1beee7_11.jpg,5
2ea62c1beee7_16.jpg,7
2f39abb12388_01.jpg,1
2f39abb12388_02.jpg,1
2f39abb12388_04.jpg,1
2f39abb12388_06.jpg,3
2f39abb12388_09.jpg,5
2f39abb12388_14.jpg,7
2faf504842df_02.jpg,1
2faf504842df_03.jpg,1
2faf504842df_07.jpg,3
2faf504842df_09.jpg,5
2faf504842df_16.jpg,7
304437bad7ff_01.jpg,1
304437bad7ff_04.jpg,1
304437bad7ff_05.jpg,3
304437bad7ff_07.jpg,3
3071362591f7_07.jpg,3
3071362591f7_09.jpg,5
3071362591f7_10.jpg,5
3071362591f7_15.jpg,7
31186febd775_05.jpg,3
31186febd775_08.jpg,3
31186febd775_10.jpg,5
31186febd775_12.jpg,5
316bbfd3d93d_04.jpg,1
316bbfd3d93d_06.jpg,3
316bbfd3d93d_15.jpg,7
32edfb7723ff_01.jpg,1
32edfb7723ff_02.jpg,1
32edfb7723ff_03.jpg,1
32edfb7723ff_05.jpg,3
32edfb7723ff_07.jpg,3
32edfb7723ff_09.jpg,5
32ff007d9505_04.jpg,1
32ff007d9505_11.jpg,5
32ff007d9505_14.jpg,7
32ff007d9505_15.jpg,7
33a310ea7462_02.jpg,1
33a310ea7462_05.jpg,3
33a310ea7462_06.jpg,3
33a310ea7462_09.jpg,5
33a310ea7462_10.jpg,5
33a310ea7462_12.jpg,5
344ece157efc_01.jpg,1
344ece157efc_06.jpg,3
344ece157efc_08.jpg,3
344ece157efc_10.jpg,5
344ece157efc_11.jpg,5
344ece157efc_13.jpg,7
344ece157efc_16.jpg,7
34b0c08544a5_02.jpg,1
34b0c08544a5_03.jpg,1
34b0c08544a5_05.jpg,3
34b0c08544a5_15.jpg,7
34defeec3ce6_04.jpg,1
34defeec3ce6_08.jpg,3
34defeec3ce6_09.jpg,5
34defeec3ce6_12.jpg,5
34defeec3ce6_15.jpg,7
351c583eabd6_01.jpg,1
351c583eabd6_06.jpg,3
351c583eabd6_08.jpg,3
351c583eabd6_14.jpg,7
351c583eabd6_16.jpg,7
3627b6f4c16d_01.jpg,1
3627b6f4c16d_07.jpg,3
3627b6f4c16d_08.jpg,3
3627b6f4c16d_09.jpg,5
3627b6f4c16d_11.jpg,5
364923a5002f_01.jpg,1
364923a5002f_12.jpg,5
364923a5002f_13.jpg,7
364fd5fd7569_08.jpg,3
364fd5fd7569_14.jpg,7
36a3f7f77e85_01.jpg,1
36a3f7f77e85_07.jpg,3
36a3f7f77e85_09.jpg,5
36a3f7f77e85_10.jpg,5
36a3f7f77e85_13.jpg,7
36a3f7f77e85_15.jpg,7
371f057d1242_05.jpg,3
371f057d1242_07.jpg,3
371f057d1242_08.jpg,3
371f057d1242_11.jpg,5
371f057d1242_12.jpg,5
371f057d1242_15.jpg,7
371f057d1242_16.jpg,7
3789e15178c7_02.jpg,1
3789e15178c7_03.jpg,1
3789e15178c7_04.jpg,1
3789e15178c7_05.jpg,3
3789e15178c7_06.jpg,3
3789e15178c7_07.jpg,3
3789e15178c7_10.jpg,5
3810c5e1cdeb_04.jpg,1
3810c5e1cdeb_08.jpg,3
3810c5e1cdeb_09.jpg,5
3810c5e1cdeb_10.jpg,5
3810c5e1cdeb_11.jpg,5
3810c5e1cdeb_12.jpg,5
3a7a8f03e713_01.jpg,1
3a7a8f03e713_06.jpg,3
3a7a8f03e713_07.jpg,3
3afec4b5ac07_03.jpg,1
3afec4b5ac07_13.jpg,7
3afec4b5ac07_16.jpg,7
3b45f83ba3fa_02.jpg,1
3b45f83ba3fa_06.jpg,3
3b45f83ba3fa_07.jpg,3
3b45f83ba3fa_08.jpg,3
3b45f83ba3fa_11.jpg,5
3b45f83ba3fa_12.jpg,5
3b45f83ba3fa_13.jpg,7
3b45f83ba3fa_15.jpg,7
3bca821c8c41_03.jpg,1
3bca821c8c41_04.jpg,1
3bca821c8c41_08.jpg,3
3c16409ab9db_03.jpg,1
3c16409ab9db_04.jpg,1
3c16409ab9db_06.jpg,3
3c16409ab9db_11.jpg,5
3c16409ab9db_13.jpg,7
3c16409ab9db_14.jpg,7
3c16409ab9db_16.jpg,7
3c54e71fd2c9_05.jpg,3
3c54e71fd2c9_07.jpg,3
3c54e71fd2c9_08.jpg,3
3c54e71fd2c9_10.jpg,5
3c54e71fd2c9_11.jpg,5
3c54e71fd2c9_13.jpg,7
3c54e71fd2c9_15.jpg,7
3c54e71fd2c9_16.jpg,7
3c6acfceb552_01.jpg,1
3c6acfceb552_02.jpg,1
3c6acfceb552_03.jpg,1
3c6acfceb552_07.jpg,3
3c6acfceb552_10.jpg,5
3c6acfceb552_15.jpg,7
3c6acfceb552_16.jpg,7
3cb21125f126_02.jpg,1
3cb21125f126_04.jpg,1
3cb21125f126_12.jpg,5
3cb21125f126_14.jpg,7
3d7a1030deeb_04.jpg,1
3d7a1030deeb_05.jpg,3
3d7a1030deeb_06.jpg,3
3f202616a2b9_02.jpg,1
3f202616a2b9_08.jpg,3
3f202616a2b9_10.jpg,5
3f202616a2b9_14.jpg,7
3f202616a2b9_16.jpg,7
3f3e362dea23_01.jpg,1
3f3e362dea23_02.jpg,1
3f3e362dea23_04.jpg,1
3f3e362dea23_05.jpg,3
3f3e362dea23_08.jpg,3
3f3e362dea23_09.jpg,5
3f3e362dea23_14.jpg,7
3f3e362dea23_15.jpg,7
3f8d611822bc_01.jpg,1
3f8d611822bc_03.jpg,1
3f8d611822bc_08.jpg,3
3f8d611822bc_09.jpg,5
3f8d611822bc_12.jpg,5
3f8d611822bc_13.jpg,7
3f8d611822bc_14.jpg,7
40851e617b93_01.jpg,1
40851e617b93_02.jpg,1
40851e617b93_04.jpg,1
40851e617b93_05.jpg,3
40851e617b93_11.jpg,5
40851e617b93_13.jpg,7
419687d50dcd_02.jpg,1
419687d50dcd_05.jpg,3
419687d50dcd_06.jpg,3
419687d50dcd_07.jpg,3
419687d50dcd_08.jpg,3
419687d50dcd_14.jpg,7
42415ff65013_01.jpg,1
42415ff65013_02.jpg,1
42415ff65013_04.jpg,1
42415ff65013_05.jpg,3
42415ff65013_09.jpg,5
42415ff65013_11.jpg,5
42415ff65013_15.jpg,7
424658d9f222_01.jpg,1
424658d9f222_02.jpg,1
424658d9f222_04.jpg,1
424658d9f222_08.jpg,3
424658d9f222_10.jpg,5
42a3297ccd4b_01.jpg,1
42a3297ccd4b_02.jpg,1
42a3297ccd4b_05.jpg,3
42a3297ccd4b_09.jpg,5
42a3297ccd4b_15.jpg,7
42b3feca1993_03.jpg,1
42b3feca1993_04.jpg,1
42b3feca1993_06.jpg,3
42b3feca1993_07.jpg,3
42b3feca1993_11.jpg,5
42b3feca1993_14.jpg,7
42b3feca1993_15.jpg,7
42d81612e2ce_01.jpg,1
42d81612e2ce_02.jpg,1
42d81612e2ce_05.jpg,3
42d81612e2ce_06.jpg,3
42d81612e2ce_09.jpg,5
42d81612e2ce_15.jpg,7
42d81612e2ce_16.jpg,7
430f0cb5666c_01.jpg,1
47ea8f25c948_05.jpg,3
47ea8f25c948_12.jpg,5
47ea8f25c948_13.jpg,7
47ea8f25c948_14.jpg,7
47ea8f25c948_15.jpg,7
47ea8f25c948_16.jpg,7
4856fcb85be0_02.jpg,1
4856fcb85be0_03.jpg,1
4856fcb85be0_06.jpg,3
4856fcb85be0_10.jpg,5
4856fcb85be0_13.jpg,7
4856fcb85be0_15.jpg,7
48b3f0c936b5_04.jpg,1
48b3f0c936b5_06.jpg,3
48b3f0c936b5_13.jpg,7
48b3f0c936b5_15.jpg,7
4a4364d7fc6d_08.jpg,3
4a4364d7fc6d_09.jpg,5
4a4364d7fc6d_10.jpg,5
4a4364d7fc6d_11.jpg,5
4a4364d7fc6d_12.jpg,5
4a4364d7fc6d_13.jpg,7
4a4364d7fc6d_14.jpg,7
4a4364d7fc6d_16.jpg,7
4b74275babf7_02.jpg,1
4b74275babf7_05.jpg,3
4b74275babf7_11.jpg,5
4baf50a3d8c2_01.jpg,1
4baf50a3d8c2_09.jpg,5
4baf50a3d8c2_10.jpg,5
4baf50a3d8c2_14.jpg,7
4baf50a3d8c2_15.jpg,7
4baf50a3d8c2_16.jpg,7
4bea0766c14c_01.jpg,1
4bea0766c14c_02.jpg,1
4bea0766c14c_06.jpg,3
4bea0766c14c_14.jpg,7
4bea0766c14c_15.jpg,7
4dc8a7fe7c02_01.jpg,1
4dc8a7fe7c02_02.jpg,1
4dc8a7fe7c02_12.jpg,5
4dc8a7fe7c02_13.jpg,7
4dc8a7fe7c02_16.jpg,7
4df1536de792_04.jpg,1
4df1536de792_05.jpg,3
4df1536de792_06.jpg,3
4df1536de792_07.jpg,3
4df1536de792_11.jpg,5
4df1536de792_14.jpg,7
4e308ad8a254_02.jpg,1
4e308ad8a254_05.jpg,3
4e5ac4b9f074_02.jpg,1
4e5ac4b9f074_03.jpg,1
4e5ac4b9f074_09.jpg,5
4e5ac4b9f074_15.jpg,7
4e7bc95552ed_03.jpg,1
4e7bc95552ed_07.jpg,3
4e7bc95552ed_12.jpg,5
4e7bc95552ed_13.jpg,7
4e7bc95552ed_14.jpg,7
4f0397cf7937_02.jpg,1
4f0397cf7937_05.jpg,3
4f0397cf7937_09.jpg,5
4f0397cf7937_11.jpg,5
4f0397cf7937_13.jpg,7
4f0397cf7937_15.jpg,7
4f1f065d78ac_08.jpg,3
4f1f065d78ac_12.jpg,5
4f1f065d78ac_13.jpg,7
4f1f065d78ac_14.jpg,7
4fc2470c0f7b_01.jpg,1
4fc2470c0f7b_05.jpg,3
4fc2470c0f7b_06.jpg,3
4fc2470c0f7b_11.jpg,5
51f1cdf5f539_05.jpg,3
51f1cdf5f539_06.jpg,3
51f1cdf5f539_07.jpg,3
528eb34a4c29_02.jpg,1
528eb34a4c29_14.jpg,7
528eb34a4c29_16.jpg,7
54ee69d7d5e5_02.jpg,1
54ee69d7d5e5_04.jpg,1
54ee69d7d5e5_05.jpg,3
54ee69d7d5e5_07.jpg,3
54ee69d7d5e5_11.jpg,5
54ee69d7d5e5_12.jpg,5
54ee69d7d5e5_16.jpg,7
553c658b9efa_10.jpg,5
553c658b9efa_11.jpg,5
553c658b9efa_14.jpg,7
5588758ee21c_01.jpg,1
5588758ee21c_06.jpg,3
5588758ee21c_08.jpg,3
5588758ee21c_13.jpg,7
56023a17481b_04.jpg,1
56023a17481b_05.jpg,3
56023a17481b_14.jpg,7
56023a17481b_16.jpg,7
562706000bd7_01.jpg,1
562706000bd7_02.jpg,1
562706000bd7_03.jpg,1
562706000bd7_04.jpg,1
562706000bd7_05.jpg,3
562706000bd7_06.jpg,3
562706000bd7_09.jpg,5
562706000bd7_10.jpg,5
562706000bd7_12.jpg,5
562706000bd7_13.jpg,7
5a194c1384f3_02.jpg,1
5a194c1384f3_07.jpg,3
5a194c1384f3_08.jpg,3
5a194c1384f3_11.jpg,5
5ab34f0e3ea5_01.jpg,1
5ab34f0e3ea5_03.jpg,1
5ab34f0e3ea5_04.jpg,1
5ab34f0e3ea5_05.jpg,3
5ab34f0e3ea5_09.jpg,5
5ab34f0e3ea5_12.jpg,5
5bc30efeb7bf_01.jpg,1
5bc30efeb7bf_06.jpg,3
5bc30efeb7bf_07.jpg,3
5bc30efeb7bf_16.jpg,7
5bcde75955bb_02.jpg,1
5bcde75955bb_05.jpg,3
5bcde75955bb_06.jpg,3
5bcde75955bb_09.jpg,5
5bcde75955bb_12.jpg,5
5bcde75955bb_13.jpg,7
5bcde75955bb_14.jpg,7
5d95d80e10a9_01.jpg,1
5d95d80e10a9_06.jpg,3
5d95d80e10a9_09.jpg,5
5d95d80e10a9_11.jpg,5
5d95d80e10a9_13.jpg,7
5df60cf7cab2_01.jpg,1
5df60cf7cab2_05.jpg,3
5df60cf7cab2_15.jpg,7
5fb012d30fd9_03.jpg,1
5fb012d30fd9_04.jpg,1
5fb012d30fd9_05.jpg,3
5fb012d30fd9_06.jpg,3
5fb012d30fd9_09.jpg,5
5fb012d30fd9_15.jpg,7
61060ada97c9_01.jpg,1
61060ada97c9_02.jpg,1
61060ada97c9_07.jpg,3
61060ada97c9_11.jpg,5
61060ada97c9_13.jpg,7
61060ada97c9_14.jpg,7
6131a03dd028_01.jpg,1
6131a03dd028_03.jpg,1
6131a03dd028_07.jpg,3
6131a03dd028_13.jpg,7
6131a03dd028_14.jpg,7
6131a03dd028_16.jpg,7
630335e37f40_02.jpg,1
630335e37f40_07.jpg,3
630335e37f40_11.jpg,5
630335e37f40_14.jpg,7
630335e37f40_15.jpg,7
6343156803f9_01.jpg,1
6343156803f9_03.jpg,1
6343156803f9_12.jpg,5
6343156803f9_14.jpg,7
6343156803f9_16.jpg,7
64f701f36437_02.jpg,1
64f701f36437_05.jpg,3
64f701f36437_07.jpg,3
64f701f36437_13.jpg,7
65051cfe0789_01.jpg,1
65051cfe0789_12.jpg,5
65051cfe0789_13.jpg,7
65051cfe0789_15.jpg,7
65051cfe0789_16.jpg,7
66fea07e1152_01.jpg,1
66fea07e1152_02.jpg,1
66fea07e1152_07.jpg,3
66fea07e1152_10.jpg,5
66fea07e1152_13.jpg,7
66fea07e1152_14.jpg,7
66fea07e1152_16.jpg,7
6752de44b721_02.jpg,1
6752de44b721_03.jpg,1
6752de44b721_05.jpg,3
6752de44b721_13.jpg,7
6752de44b721_16.jpg,7
683ddec95b82_02.jpg,1
683ddec95b82_03.jpg,1
683ddec95b82_05.jpg,3
683ddec95b82_07.jpg,3
683ddec95b82_09.jpg,5
683ddec95b82_11.jpg,5
683ddec95b82_14.jpg,7
68fcee2be01f_01.jpg,1
68fcee2be01f_06.jpg,3
68fcee2be01f_10.jpg,5
68fcee2be01f_12.jpg,5
68fcee2be01f_13.jpg,7
68fcee2be01f_16.jpg,7
695f39dfac16_01.jpg,1
695f39dfac16_02.jpg,1
695f39dfac16_06.jpg,3
695f39dfac16_08.jpg,3
695f39dfac16_11.jpg,5
695f39dfac16_12.jpg,5
695f39dfac16_14.jpg,7
69915dab0755_10.jpg,5
69915dab0755_11.jpg,5
69915dab0755_13.jpg,7
69915dab0755_14.jpg,7
69fba9e8f572_01.jpg,1
69fba9e8f572_04.jpg,1
69fba9e8f572_09.jpg,5
69fba9e8f572_10.jpg,5
6a951d3a3131_05.jpg,3
6a951d3a3131_10.jpg,5
6a951d3a3131_12.jpg,5
6a951d3a3131_13.jpg,7
6ae670e86620_05.jpg,3
6ae670e86620_06.jpg,3
6ae670e86620_08.jpg,3
6ae670e86620_12.jpg,5
6ba36af67cb0_04.jpg,1
6ba36af67cb0_06.jpg,3
6ba36af67cb0_09.jpg,5
6ba36af67cb0_10.jpg,5
6ba36af67cb0_11.jpg,5
6ba36af67cb0_15.jpg,7
6ba36af67cb0_16.jpg,7
6bf969856536_02.jpg,1
6bf969856536_03.jpg,1
6bf969856536_11.jpg,5
6bf969856536_14.jpg,7
6bfd601be25e_06.jpg,3
6bfd601be25e_07.jpg,3
6bfd601be25e_13.jpg,7
6bfd601be25e_16.jpg,7
6bff9e10288e_05.jpg,3
6bff9e10288e_11.jpg,5
6bff9e10288e_12.jpg,5
6bff9e10288e_16.jpg,7
6c0cd487abcd_01.jpg,1
6c0cd487abcd_02.jpg,1
6c0cd487abcd_08.jpg,3
6c0cd487abcd_10.jpg,5
6c0cd487abcd_12.jpg,5
6c3470c34408_03.jpg,1
6c3470c34408_04.jpg,1
6c3470c34408_06.jpg,3
6c3470c34408_08.jpg,3
6c3470c34408_09.jpg,5
6c3470c34408_15.jpg,7
6c3470c34408_16.jpg,7
6cc98271f4dd_04.jpg,1
6cc98271f4dd_06.jpg,3
6cc98271f4dd_07.jpg,3
6cc98271f4dd_09.jpg,5
6cc98271f4dd_11.jpg,5
6cc98271f4dd_16.jpg,7
6d21aad248e4_04.jpg,1
6d21aad248e4_05.jpg,3
6d21aad248e4_12.jpg,5
6d21aad248e4_14.jpg,7
6d21aad248e4_15.jpg,7
6d375bc2ece1_04.jpg,1
6d375bc2ece1_05.jpg,3
6d375bc2ece1_14.jpg,7
6d77433cc7ce_01.jpg,1
6d77433cc7ce_03.jpg,1
6d77433cc7ce_05.jpg,3
6d77433cc7ce_06.jpg,3
6d77433cc7ce_07.jpg,3
6d77433cc7ce_10.jpg,5
6d77433cc7ce_12.jpg,5
6d77433cc7ce_14.jpg,7
6d77433cc7ce_15.jpg,7
6dc8783eca68_01.jpg,1
6dc8783eca68_02.jpg,1
6dc8783eca68_05.jpg,3
6dc8783eca68_06.jpg,3
6dc8783eca68_08.jpg,3
6dc8783eca68_09.jpg,5
6dc8783eca68_10.jpg,5
6dc8783eca68_11.jpg,5
6dc8783eca68_13.jpg,7
6e016b8b3617_03.jpg,1
6e016b8b3617_04.jpg,1
6e016b8b3617_11.jpg,5
6e016b8b3617_16.jpg,7
6f6dced498c4_01.jpg,1
6f6dced498c4_07.jpg,3
6f6dced498c4_09.jpg,5
6f6dced498c4_11.jpg,5
6f6dced498c4_13.jpg,7
6f6dced498c4_16.jpg,7
70b6a79565fe_04.jpg,1
70b6a79565fe_12.jpg,5
70b6a79565fe_15.jpg,7
717689f3e788_01.jpg,1
717689f3e788_02.jpg,1
717689f3e788_06.jpg,3
717689f3e788_08.jpg,3
717689f3e788_10.jpg,5
717689f3e788_11.jpg,5
717689f3e788_12.jpg,5
717689f3e788_13.jpg,7
717689f3e788_15.jpg,7
7251c8797749_04.jpg,1
7251c8797749_05.jpg,3
7251c8797749_13.jpg,7
7251c8797749_15.jpg,7
768f299c36e1_02.jpg,1
768f299c36e1_03.jpg,1
768f299c36e1_05.jpg,3
768f299c36e1_07.jpg,3
768f299c36e1_11.jpg,5
768f299c36e1_12.jpg,5
768f299c36e1_14.jpg,7
768f299c36e1_15.jpg,7
781c5338fe02_01.jpg,1
781c5338fe02_03.jpg,1
781c5338fe02_04.jpg,1
781c5338fe02_06.jpg,3
781c5338fe02_13.jpg,7
781c5338fe02_14.jpg,7
781c5338fe02_15.jpg,7
784ca55262c2_01.jpg,1
784ca55262c2_03.jpg,1
784ca55262c2_07.jpg,3
784ca55262c2_08.jpg,3
784ca55262c2_16.jpg,7
78bfb9c780db_08.jpg,3
78bfb9c780db_11.jpg,5
78bfb9c780db_15.jpg,7
78bfb9c780db_16.jpg,7
78f63d808555_02.jpg,1
78f63d808555_13.jpg,7
78f63d808555_14.jpg,7
78f63d808555_16.jpg,7
791c1a9775be_05.jpg,3
791c1a9775be_06.jpg,3
791c1a9775be_09.jpg,5
791c1a9775be_12.jpg,5
791c1a9775be_14.jpg,7
791c1a9775be_16.jpg,7
795d2ee07ce2_02.jpg,1
795d2ee07ce2_14.jpg,7
795d2ee07ce2_15.jpg,7
795d2ee07ce2_16.jpg,7
79a7691a90b1_04.jpg,1
79a7691a90b1_05.jpg,3
79a7691a90b1_07.jpg,3
79a7691a90b1_14.jpg,7
79a7691a90b1_15.jpg,7
79a7691a90b1_16.jpg,7
7ab9747cf6d7_01.jpg,1
7ab9747cf6d7_07.jpg,3
7ab9747cf6d7_08.jpg,3
7ab9747cf6d7_15.jpg,7
7abaa38c227f_05.jpg,3
7abaa38c227f_06.jpg,3
7abaa38c227f_07.jpg,3
7abaa38c227f_10.jpg,5
7abaa38c227f_13.jpg,7
7ac210ba75a1_04.jpg,1
7ac210ba75a1_06.jpg,3
7ac210ba75a1_08.jpg,3
7ac210ba75a1_13.jpg,7
7ac210ba75a1_14.jpg,7
7bd1142155ae_02.jpg,1
7bd1142155ae_08.jpg,3
7bd1142155ae_11.jpg,5
7bd1142155ae_12.jpg,5
7fbc761387f3_04.jpg,1
7fbc761387f3_05.jpg,3
7fbc761387f3_09.jpg,5
7fbc761387f3_11.jpg,5
7fbc761387f3_14.jpg,7
82f72273d23e_01.jpg,1
82f72273d23e_04.jpg,1
82f72273d23e_06.jpg,3
82f72273d23e_10.jpg,5
82f72273d23e_16.jpg,7
843763f47895_01.jpg,1
843763f47895_02.jpg,1
843763f47895_03.jpg,1
843763f47895_04.jpg,1
843763f47895_06.jpg,3
843763f47895_08.jpg,3
843763f47895_09.jpg,5
843763f47895_15.jpg,7
843763f47895_16.jpg,7
858841907a4a_08.jpg,3
858841907a4a_09.jpg,5
858841907a4a_10.jpg,5
858841907a4a_11.jpg,5
858841907a4a_14.jpg,7
85bc655a7523_02.jpg,1
85bc655a7523_05.jpg,3
85bc655a7523_11.jpg,5
85bc655a7523_13.jpg,7
85bc655a7523_16.jpg,7
85cba1a00135_02.jpg,1
85cba1a00135_05.jpg,3
85cba1a00135_10.jpg,5
85cba1a00135_11.jpg,5
85cba1a00135_13.jpg,7
85cba1a00135_15.jpg,7
8603668953a6_02.jpg,1
8603668953a6_09.jpg,5
8603668953a6_12.jpg,5
8603668953a6_16.jpg,7
86c10c8c6206_05.jpg,3
86c10c8c6206_06.jpg,3
86c10c8c6206_12.jpg,5
86c10c8c6206_13.jpg,7
86c10c8c6206_15.jpg,7
878738468f6b_06.jpg,3
878738468f6b_13.jpg,7
878738468f6b_16.jpg,7
87e334269396_01.jpg,1
87e334269396_02.jpg,1
87e334269396_11.jpg,5
87e334269396_13.jpg,7
87e334269396_14.jpg,7
87e334269396_16.jpg,7
880ab8468df2_04.jpg,1
880ab8468df2_06.jpg,3
880ab8468df2_10.jpg,5
880ab8468df2_13.jpg,7
880ab8468df2_15.jpg,7
880ab8468df2_16.jpg,7
880fec285c06_07.jpg,3
880fec285c06_08.jpg,3
880fec285c06_09.jpg,5
880fec285c06_14.jpg,7
880fec285c06_15.jpg,7
888e04d96663_03.jpg,1
888e04d96663_07.jpg,3
888e04d96663_15.jpg,7
888e04d96663_16.jpg,7
88bc32b9e1d9_04.jpg,1
88bc32b9e1d9_11.jpg,5
88bc32b9e1d9_15.jpg,7
898339fab87a_01.jpg,1
898339fab87a_10.jpg,5
898339fab87a_12.jpg,5
898339fab87a_14.jpg,7
8b4b87ad7be6_03.jpg,1
8b4b87ad7be6_12.jpg,5
8b4b87ad7be6_13.jpg,7
8b4b87ad7be6_14.jpg,7
8b88fb784951_01.jpg,1
8b88fb784951_03.jpg,1
8b88fb784951_09.jpg,5
8b88fb784951_10.jpg,5
8b88fb784951_12.jpg,5
8b88fb784951_16.jpg,7
8d1a6723c458_05.jpg,3
8d1a6723c458_06.jpg,3
8d1a6723c458_07.jpg,3
8d1a6723c458_08.jpg,3
8d1a6723c458_10.jpg,5
8d1a6723c458_11.jpg,5
8d1a6723c458_12.jpg,5
8d1a6723c458_13.jpg,7
8d1a6723c458_15.jpg,7
8d1a6723c458_16.jpg,7
8d5423cb763c_02.jpg,1
8d5423cb763c_03.jpg,1
8d5423cb763c_05.jpg,3
8d5423cb763c_10.jpg,5
8d5423cb763c_12.jpg,5
8d5423cb763c_14.jpg,7
8d5423cb763c_16.jpg,7
8d78483ce302_01.jpg,1
8d78483ce302_03.jpg,1
8d78483ce302_15.jpg,7
8d78483ce302_16.jpg,7
90b65c521a8b_12.jpg,5
90b65c521a8b_13.jpg,7
90b65c521a8b_14.jpg,7
90fdd8932877_01.jpg,1
90fdd8932877_03.jpg,1
90fdd8932877_06.jpg,3
90fdd8932877_07.jpg,3
90fdd8932877_09.jpg,5
90fdd8932877_11.jpg,5
917f262f1608_06.jpg,3
917f262f1608_10.jpg,5
917f262f1608_11.jpg,5
917f262f1608_12.jpg,5
917f262f1608_13.jpg,7
9274d0b3caa8_01.jpg,1
9274d0b3caa8_02.jpg,1
9274d0b3caa8_05.jpg,3
93881caf9f70_02.jpg,1
93881caf9f70_03.jpg,1
93881caf9f70_06.jpg,3
93881caf9f70_08.jpg,3
93881caf9f70_10.jpg,5
93881caf9f70_12.jpg,5
93881caf9f70_15.jpg,7
93881caf9f70_16.jpg,7
98ee0624de87_07.jpg,3
98ee0624de87_12.jpg,5
99639c826ea5_06.jpg,3
99639c826ea5_08.jpg,3
99639c826ea5_10.jpg,5
99639c826ea5_12.jpg,5
99639c826ea5_14.jpg,7
9a2bfb24ba6e_01.jpg,1
9a2bfb24ba6e_10.jpg,5
9ab2a45de8c7_06.jpg,3
9ab2a45de8c7_11.jpg,5
9ab2a45de8c7_12.jpg,5
9c2e82c23803_02.jpg,1
9c2e82c23803_06.jpg,3
9c2e82c23803_07.jpg,3
9c2e82c23803_13.jpg,7
9c2e82c23803_14.jpg,7
9c2e82c23803_16.jpg,7
9cc257b449d0_08.jpg,3
9cc257b449d0_11.jpg,5
9cc257b449d0_14.jpg,7
9cc257b449d0_15.jpg,7
9d8c465a0881_01.jpg,1
9d8c465a0881_04.jpg,1
9d8c465a0881_08.jpg,3
9d8c465a0881_14.jpg,7
9dfaeb835626_08.jpg,3
9dfaeb835626_09.jpg,5
9dfaeb835626_14.jpg,7
a070dbb32d2b_01.jpg,1
a070dbb32d2b_02.jpg,1
a070dbb32d2b_06.jpg,3
a070dbb32d2b_10.jpg,5
a070dbb32d2b_11.jpg,5
a078586ccdee_05.jpg,3
a078586ccdee_06.jpg,3
a078586ccdee_11.jpg,5
a078586ccdee_12.jpg,5
a078586ccdee_13.jpg,7
a1038b207299_03.jpg,1
a1038b207299_09.jpg,5
a1038b207299_10.jpg,5
a1038b207299_14.jpg,7
a1038b207299_15.jpg,7
a2df64508b97_06.jpg,3
a2df64508b97_08.jpg,3
a2df64508b97_09.jpg,5
a2df64508b97_14.jpg,7
a3e2e104d58a_07.jpg,3
a3e2e104d58a_08.jpg,3
a3e2e104d58a_09.jpg,5
a3e2e104d58a_10.jpg,5
a3e2e104d58a_13.jpg,7
a4551c5409e3_07.jpg,3
a4551c5409e3_12.jpg,5
a4551c5409e3_14.jpg,7
a4551c5409e3_15.jpg,7
a46baa0b3ac0_08.jpg,3
a46baa0b3ac0_10.jpg,5
a46baa0b3ac0_11.jpg,5
a46baa0b3ac0_12.jpg,5
a56f923399ca_07.jpg,3
a56f923399ca_08.jpg,3
a56f923399ca_10.jpg,5
a56f923399ca_16.jpg,7
a5fea424990e_05.jpg,3
a5fea424990e_07.jpg,3
a5fea424990e_11.jpg,5
a5fea424990e_12.jpg,5
a7b9e343cf6b_03.jpg,1
a7b9e343cf6b_07.jpg,3
a7b9e343cf6b_09.jpg,5
a7b9e343cf6b_14.jpg,7
a7c1ef8d9cc9_01.jpg,1
a7c1ef8d9cc9_02.jpg,1
a7c1ef8d9cc9_03.jpg,1
a7c1ef8d9cc9_06.jpg,3
a7c1ef8d9cc9_08.jpg,3
a7c1ef8d9cc9_12.jpg,5
a7c1ef8d9cc9_14.jpg,7
acb0fd30b83d_01.jpg,1
acb0fd30b83d_08.jpg,3
acb0fd30b83d_12.jpg,5
acb0fd30b83d_14.jpg,7
acb0fd30b83d_15.jpg,7
acb0fd30b83d_16.jpg,7
ad5a6a058944_03.jpg,1
ad5a6a058944_04.jpg,1
ad5a6a058944_05.jpg,3
ad5a6a058944_07.jpg,3
ad5a6a058944_08.jpg,3
ad5a6a058944_10.jpg,5
ad5a6a058944_13.jpg,7
ad5a6a058944_14.jpg,7
ad5a6a058944_15.jpg,7
ad5a6a058944_16.jpg,7
ae296a20fdd9_01.jpg,1
ae296a20fdd9_03.jpg,1
ae296a20fdd9_07.jpg,3
ae296a20fdd9_08.jpg,3
ae296a20fdd9_09.jpg,5
ae296a20fdd9_12.jpg,5
ae296a20fdd9_14.jpg,7
ae296a20fdd9_15.jpg,7
b1a27da4f01c_02.jpg,1
b1a27da4f01c_06.jpg,3
b1a27da4f01c_08.jpg,3
b1a27da4f01c_12.jpg,5
b1a27da4f01c_14.jpg,7
b1a27da4f01c_16.jpg,7
b24fd9084449_06.jpg,3
b24fd9084449_07.jpg,3
b24fd9084449_09.jpg,5
b24fd9084449_10.jpg,5
b24fd9084449_12.jpg,5
b24fd9084449_14.jpg,7
b24fd9084449_15.jpg,7
b38c4e132183_05.jpg,3
b38c4e132183_06.jpg,3
b38c4e132183_10.jpg,5
b38c4e132183_11.jpg,5
b44091aa62e4_04.jpg,1
b44091aa62e4_11.jpg,5
b44091aa62e4_15.jpg,7
b58cc561e560_05.jpg,3
b58cc561e560_07.jpg,3
b58cc561e560_13.jpg,7
b58cc561e560_14.jpg,7
b63a6f7952d4_05.jpg,3
b63a6f7952d4_07.jpg,3
b63a6f7952d4_09.jpg,5
b63a6f7952d4_10.jpg,5
b63a6f7952d4_11.jpg,5
b63a6f7952d4_15.jpg,7
b63a6f7952d4_16.jpg,7
b98c63cd6102_01.jpg,1
b98c63cd6102_02.jpg,1
b98c63cd6102_06.jpg,3
b98c63cd6102_10.jpg,5
b98c63cd6102_12.jpg,5
b98c63cd6102_13.jpg,7
b98c63cd6102_16.jpg,7
ba7e7421003b_03.jpg,1
ba7e7421003b_04.jpg,1
ba7e7421003b_05.jpg,3
ba7e7421003b_06.jpg,3
ba7e7421003b_07.jpg,3
ba7e7421003b_09.jpg,5
ba7e7421003b_12.jpg,5
ba7e7421003b_13.jpg,7
ba7e7421003b_14.jpg,7
ba7e7421003b_15.jpg,7
bad53871c7d9_01.jpg,1
bad53871c7d9_02.jpg,1
bad53871c7d9_04.jpg,1
bad53871c7d9_06.jpg,3
bad53871c7d9_07.jpg,3
bad53871c7d9_14.jpg,7
bad53871c7d9_15.jpg,7
bb2f95262773_01.jpg,1
bb2f95262773_03.jpg,1
bb2f95262773_06.jpg,3
bb2f95262773_08.jpg,3
bb2f95262773_13.jpg,7
bb7625a3f1d4_01.jpg,1
bb7625a3f1d4_05.jpg,3
bb7625a3f1d4_06.jpg,3
bb7625a3f1d4_08.jpg,3
bb7625a3f1d4_10.jpg,5
bb7625a3f1d4_13.jpg,7
bb7625a3f1d4_15.jpg,7
bb7625a3f1d4_16.jpg,7
bd8d5780ed04_04.jpg,1
bd8d5780ed04_10.jpg,5
bd8d5780ed04_11.jpg,5
bd8d5780ed04_12.jpg,5
bd8d5780ed04_13.jpg,7
be86e79f1225_01.jpg,1
be86e79f1225_02.jpg,1
bec93f7ddb19_02.jpg,1
bec93f7ddb19_07.jpg,3
bec93f7ddb19_09.jpg,5
bec93f7ddb19_13.jpg,7
bec93f7ddb19_14.jpg,7
bec93f7ddb19_15.jpg,7
bf92e198d9b6_02.jpg,1
bf92e198d9b6_03.jpg,1
bf92e198d9b6_04.jpg,1
bf92e198d9b6_09.jpg,5
bf92e198d9b6_11.jpg,5
bf9932f7aca8_01.jpg,1
bf9932f7aca8_03.jpg,1
bf9932f7aca8_05.jpg,3
bf9932f7aca8_06.jpg,3
bf9932f7aca8_07.jpg,3
bf9932f7aca8_08.jpg,3
bf9932f7aca8_11.jpg,5
bf9932f7aca8_13.jpg,7
bf9932f7aca8_16.jpg,7
bf9a32258ef4_02.jpg,1
bf9a32258ef4_04.jpg,1
bf9a32258ef4_05.jpg,3
bf9a32258ef4_06.jpg,3
bf9a32258ef4_08.jpg,3
bf9a32258ef4_09.jpg,5
bf9a32258ef4_10.jpg,5
bf9a32258ef4_11.jpg,5
bf9a32258ef4_14.jpg,7
bf9a32258ef4_15.jpg,7
c24b8293eceb_08.jpg,3
c24b8293eceb_09.jpg,5
c24b8293eceb_10.jpg,5
c24b8293eceb_12.jpg,5
c24b8293eceb_13.jpg,7
c2fd64144e97_08.jpg,3
c2fd64144e97_09.jpg,5
c2fd64144e97_16.jpg,7
c353e364e931_01.jpg,1
c353e364e931_02.jpg,1
c353e364e931_05.jpg,3
c353e364e931_06.jpg,3
c353e364e931_07.jpg,3
c353e364e931_08.jpg,3
c353e364e931_09.jpg,5
c353e364e931_10.jpg,5
c353e364e931_13.jpg,7
c3614abc7405_01.jpg,1
c3614abc7405_04.jpg,1
c3614abc7405_09.jpg,5
c3614abc7405_11.jpg,5
c3614abc7405_12.jpg,5
c3dafdb02e7f_03.jpg,1
c3dafdb02e7f_06.jpg,3
c3dafdb02e7f_12.jpg,5
c4ac16c0dd59_02.jpg,1
c4ac16c0dd59_08.jpg,3
c4ac16c0dd59_10.jpg,5
c4ac16c0dd59_11.jpg,5
c4ac16c0dd59_15.jpg,7
c4ac16c0dd59_16.jpg,7
c4f1840b2a65_15.jpg,7
c502287be9f6_03.jpg,1
c502287be9f6_07.jpg,3
c502287be9f6_13.jpg,7
c502287be9f6_16.jpg,7
c52b272a5329_04.jpg,1
c52b272a5329_06.jpg,3
c52b272a5329_09.jpg,5
c52b272a5329_13.jpg,7
c52b272a5329_14.jpg,7
c52b272a5329_15.jpg,7
c52b272a5329_16.jpg,7
c53e374fdd72_02.jpg,1
c53e374fdd72_04.jpg,1
c53e374fdd72_06.jpg,3
c53e374fdd72_07.jpg,3
c53e374fdd72_08.jpg,3
c53e374fdd72_14.jpg,7
c53e374fdd72_16.jpg,7
c6f50d44f141_03.jpg,1
c6f50d44f141_05.jpg,3
c6f50d44f141_06.jpg,3
c6f50d44f141_07.jpg,3
c6f50d44f141_12.jpg,5
c6f50d44f141_15.jpg,7
c7145a80089e_01.jpg,1
c7145a80089e_05.jpg,3
c7145a80089e_06.jpg,3
c7a94c46a3b2_03.jpg,1
c7a94c46a3b2_08.jpg,3
c7a94c46a3b2_11.jpg,5
c7a94c46a3b2_12.jpg,5
c7a94c46a3b2_14.jpg,7
c7a94c46a3b2_15.jpg,7
c87688f6960e_01.jpg,1
c87688f6960e_06.jpg,3
c87688f6960e_08.jpg,3
c87688f6960e_14.jpg,7
c87688f6960e_16.jpg,7
c8d52e0ba341_01.jpg,1
c8d52e0ba341_04.jpg,1
c8d52e0ba341_07.jpg,3
c8d52e0ba341_16.jpg,7
c9acf5847ef1_03.jpg,1
c9acf5847ef1_04.jpg,1
c9acf5847ef1_06.jpg,3
c9acf5847ef1_07.jpg,3
c9acf5847ef1_08.jpg,3
c9acf5847ef1_16.jpg,7
c9f382c7349e_01.jpg,1
c9f382c7349e_08.jpg,3
c9f382c7349e_10.jpg,5
c9f382c7349e_16.jpg,7
cafee4122080_06.jpg,3
cafee4122080_07.jpg,3
cafee4122080_08.jpg,3
cafee4122080_12.jpg,5
cafee4122080_15.jpg,7
cafee4122080_16.jpg,7
cd2e588ef1c5_02.jpg,1
cd2e588ef1c5_05.jpg,3
cd2e588ef1c5_06.jpg,3
cd2e588ef1c5_07.jpg,3
cd2e588ef1c5_09.jpg,5
cd2e588ef1c5_13.jpg,7
cd2e588ef1c5_15.jpg,7
cd2e588ef1c5_16.jpg,7
ce74dfdf123b_03.jpg,1
ce74dfdf123b_05.jpg,3
ce74dfdf123b_09.jpg,5
cf5add31c130_01.jpg,1
cf5add31c130_03.jpg,1
cf5add31c130_07.jpg,3
cf5add31c130_12.jpg,5
cf65b1c5e147_01.jpg,1
cf65b1c5e147_02.jpg,1
cf65b1c5e147_09.jpg,5
cf65b1c5e147_15.jpg,7
cf65b1c5e147_16.jpg,7
cf89c3220bc4_01.jpg,1
cf89c3220bc4_06.jpg,3
cf89c3220bc4_08.jpg,3
cf89c3220bc4_13.jpg,7
cf89c3220bc4_14.jpg,7
d0392fd5feb6_04.jpg,1
d0392fd5feb6_06.jpg,3
d0392fd5feb6_07.jpg,3
d0392fd5feb6_10.jpg,5
d0392fd5feb6_14.jpg,7
d0dab700c896_01.jpg,1
d0dab700c896_06.jpg,3
d0dab700c896_10.jpg,5
d1a3af34e674_06.jpg,3
d1a3af34e674_08.jpg,3
d1a3af34e674_10.jpg,5
d1a3af34e674_16.jpg,7
d22e6a2ca6df_05.jpg,3
d22e6a2ca6df_06.jpg,3
d22e6a2ca6df_07.jpg,3
d22e6a2ca6df_09.jpg,5
d22e6a2ca6df_12.jpg,5
d22e6a2ca6df_15.jpg,7
d326cb5c3d12_02.jpg,1
d326cb5c3d12_06.jpg,3
d326cb5c3d12_09.jpg,5
d326cb5c3d12_12.jpg,5
d326cb5c3d12_14.jpg,7
d326cb5c3d12_15.jpg,7
d3d0d2662918_05.jpg,3
d3d0d2662918_06.jpg,3
d3d0d2662918_07.jpg,3
d3d0d2662918_08.jpg,3
d3d0d2662918_09.jpg,5
d3d0d2662918_10.jpg,5
d3d0d2662918_11.jpg,5
d3d0d2662918_13.jpg,7
d3d0d2662918_14.jpg,7
d46244bc42ed_07.jpg,3
d46244bc42ed_09.jpg,5
d46244bc42ed_11.jpg,5
d46244bc42ed_13.jpg,7
d46244bc42ed_14.jpg,7
d46244bc42ed_15.jpg,7
d46244bc42ed_16.jpg,7
d61b6bfeabb2_03.jpg,1
d61b6bfeabb2_04.jpg,1
d61b6bfeabb2_05.jpg,3
d61b6bfeabb2_07.jpg,3
d61b6bfeabb2_08.jpg,3
d61b6bfeabb2_14.jpg,7
d61b6bfeabb2_15.jpg,7
d8216041ffa9_07.jpg,3
d8216041ffa9_13.jpg,7
d8216041ffa9_15.jpg,7
d8e1c401ac3c_05.jpg,3
d8e1c401ac3c_06.jpg,3
d8e1c401ac3c_07.jpg,3
d8e1c401ac3c_08.jpg,3
d8e1c401ac3c_11.jpg,5
d8e1c401ac3c_16.jpg,7
d8f11603ef08_02.jpg,1
d8f11603ef08_03.jpg,1
d8f11603ef08_04.jpg,1
d8f11603ef08_06.jpg,3
d8f11603ef08_08.jpg,3
d8f11603ef08_10.jpg,5
d8f11603ef08_11.jpg,5
d8f11603ef08_12.jpg,5
d8f11603ef08_14.jpg,7
d9b2ded58b72_01.jpg,1
d9b2ded58b72_02.jpg,1
d9b2ded58b72_03.jpg,1
d9b2ded58b72_06.jpg,3
d9b2ded58b72_07.jpg,3
d9b2ded58b72_08.jpg,3
d9b2ded58b72_10.jpg,5
d9b2ded58b72_11.jpg,5
d9b2ded58b72_14.jpg,7
db09fec614d2_02.jpg,1
db09fec614d2_05.jpg,3
db09fec614d2_06.jpg,3
db09fec614d2_10.jpg,5
db09fec614d2_13.jpg,7
dc1c5c2b9e49_01.jpg,1
dc1c5c2b9e49_02.jpg,1
dc1c5c2b9e49_05.jpg,3
dc1c5c2b9e49_06.jpg,3
dc1c5c2b9e49_08.jpg,3
dc995bf5296a_02.jpg,1
dc995bf5296a_05.jpg,3
dc995bf5296a_09.jpg,5
dc995bf5296a_10.jpg,5
dc995bf5296a_13.jpg,7
dc995bf5296a_14.jpg,7
dc995bf5296a_15.jpg,7
dd47eb7ac4ee_04.jpg,1
dd47eb7ac4ee_09.jpg,5
dd47eb7ac4ee_10.jpg,5
dd70a0a51e3b_09.jpg,5
dd70a0a51e3b_10.jpg,5
dd70a0a51e3b_14.jpg,7
ddb513df9406_02.jpg,1
ddb513df9406_03.jpg,1
ddb513df9406_04.jpg,1
ddb513df9406_06.jpg,3
ddb513df9406_07.jpg,3
ddb513df9406_09.jpg,5
ddb513df9406_14.jpg,7
ddb513df9406_15.jpg,7
de3ca5ec1e59_03.jpg,1
de3ca5ec1e59_09.jpg,5
de3ca5ec1e59_10.jpg,5
de74550a306a_01.jpg,1
de74550a306a_05.jpg,3
de74550a306a_08.jpg,3
de74550a306a_09.jpg,5
de74550a306a_10.jpg,5
de74550a306a_11.jpg,5
de74550a306a_13.jpg,7
de74550a306a_16.jpg,7
df642435a951_10.jpg,5
df642435a951_15.jpg,7
e05b96cc2b0d_03.jpg,1
e05b96cc2b0d_14.jpg,7
e114fcbb9723_03.jpg,1
e114fcbb9723_04.jpg,1
e114fcbb9723_08.jpg,3
e114fcbb9723_09.jpg,5
e114fcbb9723_15.jpg,7
e1d2c25f3510_05.jpg,3
e1d2c25f3510_06.jpg,3
e1d2c25f3510_07.jpg,3
e1d2c25f3510_09.jpg,5
e1d2c25f3510_12.jpg,5
e1d2c25f3510_13.jpg,7
e1d2c25f3510_14.jpg,7
e1d2c25f3510_15.jpg,7
e2230d0ceb02_02.jpg,1
e2230d0ceb02_03.jpg,1
e2230d0ceb02_04.jpg,1
e2230d0ceb02_06.jpg,3
e2230d0ceb02_07.jpg,3
e2230d0ceb02_11.jpg,5
e597d76a0c33_06.jpg,3
e597d76a0c33_07.jpg,3
e597d76a0c33_12.jpg,5
e597d76a0c33_14.jpg,7
e5fc2c1c4a8b_01.jpg,1
e5fc2c1c4a8b_02.jpg,1
e5fc2c1c4a8b_08.jpg,3
e5fc2c1c4a8b_09.jpg,5
e5fc2c1c4a8b_10.jpg,5
e5fc2c1c4a8b_15.jpg,7
e5fc2c1c4a8b_16.jpg,7
e6892bf10d31_01.jpg,1
e6892bf10d31_02.jpg,1
e6892bf10d31_04.jpg,1
e6892bf10d31_09.jpg,5
e6892bf10d31_10.jpg,5
e6892bf10d31_11.jpg,5
e6892bf10d31_12.jpg,5
e6892bf10d31_15.jpg,7
e8f607100c1f_02.jpg,1
e8f607100c1f_04.jpg,1
e8f607100c1f_05.jpg,3
e8f607100c1f_06.jpg,3
e8f607100c1f_10.jpg,5
e8f607100c1f_12.jpg,5
e8f607100c1f_14.jpg,7
e8f607100c1f_15.jpg,7
eaf9eb0b2293_01.jpg,1
eaf9eb0b2293_10.jpg,5
eaf9eb0b2293_13.jpg,7
eaf9eb0b2293_14.jpg,7
eb07e3f63ad2_01.jpg,1
eb07e3f63ad2_06.jpg,3
eb07e3f63ad2_07.jpg,3
eb91b1c659a0_02.jpg,1
eb91b1c659a0_05.jpg,3
eb91b1c659a0_10.jpg,5
eb91b1c659a0_13.jpg,7
ebfdf6ec7ede_07.jpg,3
ebfdf6ec7ede_09.jpg,5
ebfdf6ec7ede_10.jpg,5
ed13cbcdd5d8_02.jpg,1
ed13cbcdd5d8_03.jpg,1
ed13cbcdd5d8_07.jpg,3
ed13cbcdd5d8_09.jpg,5
ed13cbcdd5d8_10.jpg,5
ed13cbcdd5d8_11.jpg,5
ed13cbcdd5d8_12.jpg,5
ed13cbcdd5d8_15.jpg,7
ed8472086df8_01.jpg,1
ed8472086df8_02.jpg,1
ed8472086df8_03.jpg,1
ed8472086df8_06.jpg,3
ed8472086df8_10.jpg,5
ed8472086df8_11.jpg,5
ed8472086df8_12.jpg,5
ed8472086df8_16.jpg,7
eeb7eeca738e_02.jpg,1
eeb7eeca738e_03.jpg,1
eeb7eeca738e_04.jpg,1
eeb7eeca738e_06.jpg,3
eeb7eeca738e_08.jpg,3
eeb7eeca738e_10.jpg,5
eeb7eeca738e_11.jpg,5
eeb7eeca738e_12.jpg,5
eeb7eeca738e_15.jpg,7
eefc0d8c94f0_02.jpg,1
eefc0d8c94f0_10.jpg,5
eefc0d8c94f0_13.jpg,7
ef5567efd904_02.jpg,1
ef5567efd904_03.jpg,1
ef5567efd904_05.jpg,3
ef5567efd904_06.jpg,3
ef5567efd904_08.jpg,3
ef5567efd904_13.jpg,7
ef5567efd904_14.jpg,7
efaef69e148d_04.jpg,1
efaef69e148d_05.jpg,3
efaef69e148d_08.jpg,3
efaef69e148d_11.jpg,5
efaef69e148d_13.jpg,7
efaef69e148d_15.jpg,7
f00905abd3d7_02.jpg,1
f00905abd3d7_03.jpg,1
f00905abd3d7_04.jpg,1
f00905abd3d7_05.jpg,3
f00905abd3d7_09.jpg,5
f00905abd3d7_12.jpg,5
f00905abd3d7_15.jpg,7
f00905abd3d7_16.jpg,7
f1eb080c7182_03.jpg,1
f1eb080c7182_08.jpg,3
f1eb080c7182_09.jpg,5
f1eb080c7182_10.jpg,5
f1eb080c7182_11.jpg,5
f1eb080c7182_12.jpg,5
f1eb080c7182_15.jpg,7
f3b482e091c0_02.jpg,1
f3b482e091c0_03.jpg,1
f3b482e091c0_05.jpg,3
f3b482e091c0_06.jpg,3
f3b482e091c0_09.jpg,5
f3b482e091c0_12.jpg,5
f3b482e091c0_13.jpg,7
f3b482e091c0_14.jpg,7
f3b482e091c0_15.jpg,7
f3b482e091c0_16.jpg,7
f3eee6348205_05.jpg,3
f3eee6348205_09.jpg,5
f3eee6348205_10.jpg,5
f4cd1286d5f4_03.jpg,1
f4cd1286d5f4_04.jpg,1
f4cd1286d5f4_06.jpg,3
f4cd1286d5f4_09.jpg,5
f4cd1286d5f4_16.jpg,7
f591b4f2e006_01.jpg,1
f591b4f2e006_03.jpg,1
f591b4f2e006_05.jpg,3
f591b4f2e006_07.jpg,3
f591b4f2e006_08.jpg,3
f591b4f2e006_10.jpg,5
f591b4f2e006_15.jpg,7
f70052627830_01.jpg,1
f70052627830_02.jpg,1
f70052627830_04.jpg,1
f70052627830_07.jpg,3
f70052627830_13.jpg,7
f70052627830_14.jpg,7
f707d6fbc0cd_01.jpg,1
f707d6fbc0cd_02.jpg,1
f707d6fbc0cd_03.jpg,1
f707d6fbc0cd_09.jpg,5
f707d6fbc0cd_11.jpg,5
f707d6fbc0cd_12.jpg,5
f707d6fbc0cd_13.jpg,7
f7ad86e13ed7_04.jpg,1
f7ad86e13ed7_05.jpg,3
f7ad86e13ed7_06.jpg,3
f7ad86e13ed7_07.jpg,3
f7ad86e13ed7_10.jpg,5
f7ad86e13ed7_14.jpg,7
f8b6f4c39204_04.jpg,1
f8b6f4c39204_05.jpg,3
f8b6f4c39204_12.jpg,5
f8b6f4c39204_15.jpg,7
f98dbe8a5ee2_02.jpg,1
f98dbe8a5ee2_04.jpg,1
f98dbe8a5ee2_08.jpg,3
f98dbe8a5ee2_12.jpg,5
f98dbe8a5ee2_14.jpg,7
fa006be8b6d9_02.jpg,1
fa006be8b6d9_08.jpg,3
fa006be8b6d9_13.jpg,7
fa006be8b6d9_15.jpg,7
fa006be8b6d9_16.jpg,7
fa613ac8eac5_02.jpg,1
fa613ac8eac5_03.jpg,1
fa613ac8eac5_04.jpg,1
fa613ac8eac5_06.jpg,3
fa613ac8eac5_07.jpg,3
fa613ac8eac5_08.jpg,3
fa613ac8eac5_10.jpg,5
fa613ac8eac5_12.jpg,5
fa613ac8eac5_14.jpg,7
fb1b923dd978_02.jpg,1
fb1b923dd978_04.jpg,1
fb1b923dd978_08.jpg,3
fb1b923dd978_12.jpg,5
fb1b923dd978_14.jpg,7
fc237174b128_05.jpg,3
fc237174b128_06.jpg,3
fc237174b128_07.jpg,3
fc237174b128_09.jpg,5
fc237174b128_10.jpg,5
fc237174b128_15.jpg,7
fc5f1a3a66cf_02.jpg,1
fc5f1a3a66cf_03.jpg,1
fc5f1a3a66cf_06.jpg,3
fc5f1a3a66cf_07.jpg,3
fce0ba5b8ed7_05.jpg,3
fce0ba5b8ed7_14.jpg,7
fce0ba5b8ed7_15.jpg,7
fd9da5d0bb6f_01.jpg,1
fd9da5d0bb6f_02.jpg,1
fd9da5d0bb6f_05.jpg,3
fd9da5d0bb6f_06.jpg,3
fd9da5d0bb6f_08.jpg,3
fd9da5d0bb6f_11.jpg,5
fd9da5d0bb6f_12.jpg,5
fd9da5d0bb6f_13.jpg,7
fdc2c87853ce_05.jpg,3
fdc2c87853ce_08.jpg,3
fdc2c87853ce_10.jpg,5
fdc2c87853ce_12.jpg,5
fdc2c87853ce_14.jpg,7
feaf59172a01_01.jpg,1
feaf59172a01_04.jpg,1
feaf59172a01_06.jpg,3
feaf59172a01_12.jpg,5
feaf59172a01_16.jpg,7
fecea3036c59_03.jpg,1
fecea3036c59_06.jpg,3
fecea3036c59_12.jpg,5
fecea3036c59_14.jpg,7
fecea3036c59_16.jpg,7
fff9b3a5373f_07.jpg,3
fff9b3a5373f_09.jpg,5
fff9b3a5373f_12.jpg,5
fff9b3a5373f_16.jpg,7
